name,number_votes,share_votes,district,affiliation
Szendreiné Kis Katalin,26,0.05,Balassagyarmat,EU. ROM
Balla Mihály Tibor,24564,48.82,Balassagyarmat,FIDESZ-KDNP
Mazgon Jelena,224,0.45,Balassagyarmat,SMS
Belák Vince Ottó,64,0.13,Balassagyarmat,MSZDP
Zagyvai Sándor,1542,3.06,Balassagyarmat,LMP
Hegedűs Ervin,195,0.39,Balassagyarmat,ZÖLDEK
Borenszki Ervin,10358,20.58,Balassagyarmat,MSZP-EGYÜTT-DK-PM-MLP
Kovács Boglárka,81,0.16,Balassagyarmat,SEM
Török Tamásné,280,0.56,Balassagyarmat,A HAZA NEM ELADÓ
Rákosi György,37,0.07,Balassagyarmat,NÉP
Makó András,85,0.17,Balassagyarmat,SZOCIÁLDEMOKRATÁK
Nagy József,166,0.33,Balassagyarmat,EGYÜTT 2014
Németh László,74,0.15,Balassagyarmat,JESZ
Ráczné Molnár Mária,55,0.11,Balassagyarmat,SZEM-NŐPÁRT
Kiss László,11256,22.37,Balassagyarmat,JOBBIK
Halasi Miklós,93,0.18,Balassagyarmat,MCF
Szilvási István,115,0.23,Balassagyarmat,FKGP
Tóth Zoltán,208,0.41,Balassagyarmat,KTI
Rácz Jenő,223,0.44,Balassagyarmat,MCP
Czekó Erzsébet,46,0.09,Balassagyarmat,ÖP
Dr. Frankfurter Zsuzsanna,628,1.25,Balassagyarmat,MUNKÁSPÁRT
Krekács Dániel Zsolt,163,0.33,Salgótarján,SEM
Szőrös Zita,269,0.55,Salgótarján,MCP
Dr. Turza Csaba József,548,1.12,Salgótarján,Független
Hajdara Roland,63,0.13,Salgótarján,FKGP
Laukó Lenke,401,0.82,Salgótarján,A HAZA NEM ELADÓ
Komlósi Csaba,1286,2.63,Salgótarján,LMP
Boldvai László Róbert,13140,26.87,Salgótarján,MSZP-EGYÜTT-DK-PM-MLP
Becsó Zsolt,18410,37.64,Salgótarján,FIDESZ-KDNP
Kutas József,11499,23.51,Salgótarján,JOBBIK
Csikós Béla,42,0.09,Salgótarján,EU. ROM
Kürti István,56,0.11,Salgótarján,KISGAZDAPÁRT-MIÉP
Gazsiné Szekeres Márta,99,0.20,Salgótarján,Független
Sturmann Béla,137,0.28,Salgótarján,SZOCIÁLDEMOKRATÁK
Klányi József,40,0.08,Salgótarján,Független
Dr. Fölker Tibor Tamás,77,0.16,Salgótarján,MRPP
Dancsó János,290,0.59,Salgótarján,KTI
Szabó Zsolt Attila,25,0.05,Salgótarján,ÚDP
Nagy Attila Tibor,785,1.61,Salgótarján,MUNKÁSPÁRT
Seres Mária,1210,2.47,Salgótarján,SMS
Kanyó Károly,38,0.08,Salgótarján,EP
Györki Tibor,46,0.09,Salgótarján,Független
Lantos István,159,0.33,Salgótarján,ZÖLDEK
Baranyi István,123,0.25,Salgótarján,JESZ
Nagy-Bandó András,3312,6.94,Hódmezővásárhely,LMP
Gera Katalin,259,0.54,Hódmezővásárhely,ZÖLDEK
Surányi Vivien,462,0.97,Hódmezővásárhely,MUNKÁSPÁRT
Havránek Ferenc,273,0.57,Hódmezővásárhely,EURÓPAI BALOLDAL
Dr. Lázár János,20792,43.57,Hódmezővásárhely,FIDESZ-KDNP
Kovács László,174,0.36,Hódmezővásárhely,SZOCIÁLDEMOKRATÁK
Dr. Kiss Attila,11824,24.78,Hódmezővásárhely,JOBBIK
Novák Szabolcs Ákos,72,0.15,Hódmezővásárhely,FKGP
Tóth Ernő,97,0.20,Hódmezővásárhely,KISGAZDAPÁRT-MIÉP
Nagy Attila,505,1.06,Hódmezővásárhely,Független
Csőköly Sándor,172,0.36,Hódmezővásárhely,MGP
Kovács Irén Judit,148,0.31,Hódmezővásárhely,KTI
Varga Péter,9323,19.54,Hódmezővásárhely,MSZP-EGYÜTT-DK-PM-MLP
Muzsla Jánosné,303,0.64,Hódmezővásárhely,A HAZA NEM ELADÓ
Béres Bence,186,0.37,Komárom,ÖP
Gasparovicsné Oláh Manuéla,52,0.10,Komárom,MCP
Tenki Melinda,203,0.41,Komárom,FKGP
Szabados Sándor,2231,4.48,Komárom,LMP
Szabó Mihály,9909,19.91,Komárom,JOBBIK
Dr. Topálné Dr. Zsilka Ilona,465,0.93,Komárom,SZEM-NŐPÁRT
Czunyiné Dr. Bertalan Judit,23391,47.01,Komárom,FIDESZ-KDNP
Téglás Géza,380,0.76,Komárom,A HAZA NEM ELADÓ
Vági Ágnes Csilla,330,0.66,Komárom,JESZ
Székely Antal,12430,24.98,Komárom,MSZP-EGYÜTT-DK-PM-MLP
Nemes Tibor,48,0.10,Komárom,ÚMP
Gomán Zsolt,53,0.11,Komárom,KMSZ
Pintér László,82,0.16,Komárom,ÚDP
Dr. Völner Pál,23475,45.92,Esztergom,FIDESZ-KDNP
Pogány István,229,0.45,Esztergom,ÖP
Dr. Nyirán Gergely,639,1.25,Esztergom,Független
Nunkovics Tibor,10141,19.84,Esztergom,JOBBIK
Makai Balázs István,127,0.25,Esztergom,KTI
Rajczy Péter Tamás,224,0.44,Esztergom,JESZ
Prommer Mátyás Jenő,2213,4.33,Esztergom,LMP
Bartha Mihály Józsefné,92,0.18,Esztergom,MSZDP
Balázs Mária Borbála,85,0.17,Esztergom,MCP
Dr. Vadai Ágnes,13896,27.18,Esztergom,MSZP-EGYÜTT-DK-PM-MLP
Árgyelán János,10926,29.61,Sárbogárd,JOBBIK
Varga Andrea,56,0.15,Sárbogárd,EU. ROM
Gottloz Tibor,298,0.81,Sárbogárd,Független
Poprócsi Hunor Botond,51,0.14,Sárbogárd,ÖP
Berényi Béla,270,0.73,Sárbogárd,MUNKÁSPÁRT
Ecsődi László József,5781,15.67,Sárbogárd,MSZP-EGYÜTT-DK-PM-MLP
Varga Gábor,17576,47.63,Sárbogárd,FIDESZ-KDNP
Majláth László,80,0.22,Sárbogárd,MCP
Ács Sándor Józsefné,464,1.26,Sárbogárd,ÉLŐLÁNC
Márton Andrea,98,0.27,Sárbogárd,KTI
Deák József Zoltán,48,0.13,Sárbogárd,SZOCIÁLDEMOKRATÁK
Szatmári Ildikó,942,2.55,Sárbogárd,LMP
Németh Istvánné,139,0.38,Sárbogárd,EGYÜTT 2014
Pál József,33,0.09,Sárbogárd,EP
Szabó Ferenc,75,0.20,Sárbogárd,JESZ
Debreceni Péter,40,0.11,Sárbogárd,ÚMP
Pável Ágnes,21,0.06,Sárbogárd,AQP
Bordás Géza,454,0.97,Mezőkövesd,MCP
Kovács Viktorné,34,0.07,Mezőkövesd,EP
Tállai András László,22124,47.20,Mezőkövesd,FIDESZ-KDNP
Baróczi Péter Imre,65,0.14,Mezőkövesd,ÖP
Szabó Sándor,163,0.35,Mezőkövesd,SMS
Juhász Csaba,102,0.22,Mezőkövesd,SZDP
Gaszner Róbert László,91,0.19,Mezőkövesd,FKGP
Nagy Lajos,245,0.52,Mezőkövesd,A HAZA NEM ELADÓ
Nyeste László,8894,18.97,Mezőkövesd,MSZP-EGYÜTT-DK-PM-MLP
Vajda Béla,917,1.96,Mezőkövesd,LMP
Dr. Szücs Lajos,353,0.75,Mezőkövesd,MUNKÁSPÁRT
Dr. Bóta Mihály,12829,27.37,Mezőkövesd,JOBBIK
Tóth Ferenc,50,0.11,Mezőkövesd,JESZ
Simkó István Tamás,88,0.19,Mezőkövesd,SZOCIÁLDEMOKRATÁK
Tokár Andrásné,152,0.32,Mezőkövesd,ZÖLDEK
Herczegh Józsefné,68,0.15,Mezőkövesd,EGYÜTT 2014
Ritter Diána,74,0.16,Mezőkövesd,SEM
Nagy Attila,23,0.05,Mezőkövesd,TBP
Vass József,151,0.32,Mezőkövesd,KISGAZDAPÁRT-MIÉP
Szabó Sándor,103,0.25,Dunaújváros,KTI
Dedecsik Ferenc,234,0.57,Dunaújváros,FKGP
Szántó Gábor,44,0.11,Dunaújváros,NEMZETI ÉRDEKÉRT
Orha Zoltán Béla,205,0.50,Dunaújváros,SZOCIÁLDEMOKRATÁK
Szarvas Dénes,22,0.05,Dunaújváros,ÚMP
Filus Györgyi,131,0.32,Dunaújváros,SZEM-NŐPÁRT
Pintér Tamás,10422,25.22,Dunaújváros,JOBBIK
Szalai Balázs,202,0.49,Dunaújváros,SEM
Hermann Henrik,949,2.30,Dunaújváros,SMS
Subecz Tamás,209,0.51,Dunaújváros,EGYÜTT 2014
Dr. Galambos Dénes,14826,35.88,Dunaújváros,FIDESZ-KDNP
Magyar András Tamás,12128,29.35,Dunaújváros,MSZP-EGYÜTT-DK-PM-MLP
Szeibert Márton,34,0.08,Dunaújváros,AQP
Illéssy István,1811,4.38,Dunaújváros,LMP
Hutkai Anna,183,0.41,Mosonmagyaróvár,ÖP
Dr. Nagy István,22460,50.38,Mosonmagyaróvár,FIDESZ-KDNP
Virág Mihályné,70,0.16,Mosonmagyaróvár,KMSZ
Nagy Attila Zoltán,311,0.70,Mosonmagyaróvár,SMS
Lipovits Máté,8396,18.83,Mosonmagyaróvár,JOBBIK
Lehóczki Attila,9823,22.03,Mosonmagyaróvár,MSZP-EGYÜTT-DK-PM-MLP
Ködmön Szabolcs,34,0.08,Mosonmagyaróvár,ÚDP
Goda Bálint Zsolt,2177,4.88,Mosonmagyaróvár,LMP
Deák János,219,0.49,Mosonmagyaróvár,JESZ
Nagy Ádám,361,0.81,Mosonmagyaróvár,MUNKÁSPÁRT
Ódor Ferenc,374,0.84,Mosonmagyaróvár,SEM
Mácsik János,158,0.35,Mosonmagyaróvár,SZOCIÁLDEMOKRATÁK
Földvárszki István,19,0.04,Mosonmagyaróvár,ÚMP
Fendrik Attila,75,0.15,Sopron,ÚDP
Szendi Krisztián,109,0.22,Sopron,SZOCIÁLDEMOKRATÁK
Bebesi József Lajos,3097,6.34,Sopron,LMP
Szakonyi Imre István,555,1.14,Sopron,SMS
Kovács Martin Tamás,72,0.15,Sopron,ÚMP
Kalmár István,11601,23.76,Sopron,MSZP-EGYÜTT-DK-PM-MLP
Belákovics András,315,0.65,Sopron,JESZ
Brand Tara,133,0.27,Sopron,SZDP
Firtl Mátyás Sándor,24698,50.58,Sopron,FIDESZ-KDNP
Gőbl Gábor,8178,16.75,Sopron,JOBBIK
Both Norbert,209,0.55,Szekszárd,SEM
Reiter Antal Józsefné,112,0.29,Szekszárd,KTI
Dr. Hadházy Ákos Ányos,4182,10.93,Szekszárd,LMP
Horváth Krisztián,194,0.51,Szekszárd,SMS
Horváth István,15997,41.80,Szekszárd,FIDESZ-KDNP
Ürmös M. Attila,7532,19.68,Szekszárd,JOBBIK
Bátori Mihály Krisztián,17,0.04,Szekszárd,MCF
Sárközi Jánosné,115,0.30,Szekszárd,MCP
Vas Jácint,12,0.03,Szekszárd,ÚMP
Jurás Zsolt,75,0.20,Szekszárd,SZOCIÁLDEMOKRATÁK
Dr. Harangozó Tamás Attila,9483,24.78,Szekszárd,MSZP-EGYÜTT-DK-PM-MLP
Kovács Irma Tünde,18,0.05,Szekszárd,MACSEP
Molnár Attila,32,0.08,Szekszárd,ÚDP
Vass Szilvia,289,0.76,Szekszárd,A HAZA NEM ELADÓ
Domokos Zsolt,67,0.15,Nagykanizsa,EP
Piskor József Zoltán,98,0.21,Nagykanizsa,ÖP
Cseresnyés Péter,18279,39.57,Nagykanizsa,FIDESZ-KDNP
Bogdán Zoltán,249,0.54,Nagykanizsa,MCP
Járási István,217,0.47,Nagykanizsa,A HAZA NEM ELADÓ
Somogyvári László,23,0.05,Nagykanizsa,MRPP
Kucséber Ervin,202,0.44,Nagykanizsa,FKGP
Pásztori Patricia,299,0.65,Nagykanizsa,SEM
Barna Magdolna,174,0.38,Nagykanizsa,KTI
Gayer András Rikárd,18,0.04,Nagykanizsa,NOP
Göndör István,12024,26.03,Nagykanizsa,MSZP-EGYÜTT-DK-PM-MLP
Sándor József,184,0.40,Nagykanizsa,SMS
Zakó László,12601,27.28,Nagykanizsa,JOBBIK
Molnár István,169,0.37,Nagykanizsa,JESZ
Marton Krisztián,69,0.15,Nagykanizsa,AQP
Tringer Ferenc Péter,1516,3.28,Nagykanizsa,LMP
Kulin Beáta,106,0.22,Tiszaújváros,SZOCIÁLDEMOKRATÁK
Budai Katalin,153,0.32,Tiszaújváros,EGYÜTT 2014
Lázi Zoltán,267,0.56,Tiszaújváros,MCP
Bancsók Zsolt,56,0.12,Tiszaújváros,MACSEP
Kovács-Buna János,136,0.29,Tiszaújváros,SEM
Dr. Török Pál,193,0.41,Tiszaújváros,FKGP
Dr. Tarnai Gábor Elemér,1211,2.56,Tiszaújváros,LMP
Dr. Mengyi Roland,19149,40.43,Tiszaújváros,FIDESZ-KDNP
Pap Zsolt,11133,23.51,Tiszaújváros,MSZP-EGYÜTT-DK-PM-MLP
Németi Ilona,201,0.42,Tiszaújváros,A HAZA NEM ELADÓ
Holcman László,150,0.32,Tiszaújváros,Nemzeti Forr.Párt
Dr. Váli Zoltán,343,0.72,Tiszaújváros,MUNKÁSPÁRT
Kemény Endre,92,0.19,Tiszaújváros,JESZ
Balla Gergő,14009,29.58,Tiszaújváros,JOBBIK
Csengő Szabolcs,101,0.21,Tiszaújváros,ÖP
Budai Mária,22,0.05,Tiszaújváros,ÚMP
Horváth Zoltán,40,0.08,Tiszaújváros,ÚDP
Monostori János,8606,23.34,Dombóvár,JOBBIK
Konyár Melinda,67,0.18,Dombóvár,MKSZU
Tigelmann Péter,8816,23.91,Dombóvár,MSZP-EGYÜTT-DK-PM-MLP
Orsós Istvánné,23,0.06,Dombóvár,MACSEP
Marton Janka,33,0.09,Dombóvár,AQP
Dömötörné Solymár Orsika,1105,3.00,Dombóvár,LMP
Lécz György,128,0.35,Dombóvár,FKGP
Potápi Árpád János,17547,47.59,Dombóvár,FIDESZ-KDNP
Banainé Kömüves Anita,218,0.59,Dombóvár,ZÖLDEK
Orsós István,83,0.23,Dombóvár,EGYÜTT 2014
Nyerges Attiláné,242,0.66,Dombóvár,A HAZA NEM ELADÓ
Rafael Gyula,76,0.21,Paks,MCP
Heringes Anita,7452,20.34,Paks,MSZP-EGYÜTT-DK-PM-MLP
Kulcsár Virág Mónika,24,0.07,Paks,MDU
Váczi Ferenc,231,0.63,Paks,A HAZA NEM ELADÓ
Dávid István,61,0.17,Paks,SZMP
Harmat Gabriella,1284,3.51,Paks,LMP
Orbán Attila,280,0.76,Paks,FKGP
Gajnok Rómeó,9,0.02,Paks,HATMAP
Bencze János,8288,22.63,Paks,JOBBIK
Hirt Ferenc,18286,49.92,Paks,FIDESZ-KDNP
Sárköziné Rafai Nikoletta,23,0.06,Paks,MACSEP
Hingl János Zsolt,135,0.37,Paks,SZOCIÁLDEMOKRATÁK
Eszenyi Gábor,115,0.31,Paks,KTI
Köhler Nóra,219,0.60,Paks,SEM
Tamási Gabriella,31,0.08,Paks,"REND, SZABADSÁG"
Ferenci Richárd,115,0.31,Paks,SMS
Mester Dávid,173,0.41,Körmend,SEM
Bana Tibor,9379,22.02,Körmend,JOBBIK
Tóth Attila Géza,279,0.66,Körmend,A HAZA NEM ELADÓ
Baracska Péter Róbert,1358,3.19,Körmend,LMP
Takács Ádám,43,0.10,Körmend,ÚDP
Horváth István Mihály,312,0.73,Körmend,SMS
Pillei Róbert,26,0.06,Körmend,SZMP
Sallai Ivett,98,0.23,Körmend,FKGP
Nagy Gergő,25,0.06,Körmend,SZAVA
Horváth Csabáné,47,0.11,Körmend,MCP
Bognár Erik,107,0.25,Körmend,SZDP
Góman Károlyné,50,0.12,Körmend,KMSZ
Sütő János Zoltán,75,0.18,Körmend,JESZ
Wrzava Pál,6318,14.84,Körmend,MSZP-EGYÜTT-DK-PM-MLP
Racker Béla,25,0.06,Körmend,ÚMP
V.Németh Zsolt,24271,56.99,Körmend,FIDESZ-KDNP
Kupi Jánosné,279,0.61,Szombathely,SMS
Nagy András,204,0.44,Szombathely,4K!
Balassa Péter Sándor,7034,15.34,Szombathely,JOBBIK
Laki Gábor,61,0.13,Szombathely,ÚMP
Kőrössy Tamás György,100,0.22,Szombathely,FKGP
Dr. Hende Csaba Károly,20612,44.95,Szombathely,FIDESZ-KDNP
Horváth Zoltán,2841,6.20,Szombathely,LMP
Simon Zoltán Antal,262,0.57,Szombathely,KTI
Bősze Csaba Bálint,100,0.22,Szombathely,JESZ
Kovács Szabolcs,39,0.09,Szombathely,ÚDP
Dr. Nemény András,14049,30.64,Szombathely,MSZP-EGYÜTT-DK-PM-MLP
Tóthné Szakály Henrietta,271,0.59,Szombathely,SEM
Ágh Péter,22792,52.01,Sárvár,FIDESZ-KDNP
Orbán Gergő,126,0.29,Sárvár,ÚDP
Bakonyi László,107,0.24,Sárvár,SZOCIÁLDEMOKRATÁK
Rába László,295,0.67,Sárvár,KTI
Fehér László István,10570,24.12,Sárvár,MSZP-EGYÜTT-DK-PM-MLP
Kovács Attila,54,0.12,Sárvár,MCP
Bogáti András,1686,3.85,Sárvár,LMP
Táncsics Péter,317,0.72,Sárvár,ÚMP
Kőrös Ernő,104,0.24,Sárvár,ÖP
Sztojka István,82,0.19,Sárvár,JESZ
Rába Kálmán,7447,16.99,Sárvár,JOBBIK
Danka Lajos,193,0.44,Sárvár,KISGAZDAPÁRT-MIÉP
Radányi-Kovács Tamás,50,0.11,Sárvár,Nemzeti Forr.Párt
Földi Áron,1359,3.20,Cegléd,LMP
Laczkó Józsefné,67,0.16,Cegléd,JESZ
Fenyvesné Dr. Nádas Katalin Csilla,24,0.06,Cegléd,MRPP
Dr. Horváth Melinda Erzsébet,117,0.28,Cegléd,ÉLŐLÁNC
Romhányiné Dr. Balogh Edit,8828,20.76,Cegléd,MSZP-EGYÜTT-DK-PM-MLP
Volner János,12285,28.89,Cegléd,JOBBIK
Cseh Mihály Attila,66,0.16,Cegléd,SZOCIÁLDEMOKRATÁK
Vágó Tibor István,145,0.34,Cegléd,SMS
Cseriné Demeter Bernadett,234,0.55,Cegléd,FKGP
Erdei Tünde,54,0.13,Cegléd,MGP
Keskeny Rudolfné,46,0.11,Cegléd,MCP
Kovács László,260,0.61,Cegléd,A HAZA NEM ELADÓ
Gyulai Lajos,7,0.02,Cegléd,MKSZU
Facskó Szilveszter,50,0.12,Cegléd,MSZDP
Bán Zsolt,63,0.15,Cegléd,ÖP
Földi László,18732,44.05,Cegléd,FIDESZ-KDNP
Papp Viktor,183,0.43,Cegléd,SEM
Dr. Léhmann György,575,1.45,Siófok,ÉLŐLÁNC
Majkó Gyula Miklós,45,0.11,Siófok,ÚMP
Egyedi László,235,0.59,Siófok,A HAZA NEM ELADÓ
Herczeg Attila,35,0.09,Siófok,ÚDP
Mülléder Gábor,154,0.39,Siófok,EGYÜTT 2014
Witzmann Mihály,18591,46.76,Siófok,FIDESZ-KDNP
Molnárné Jakab Mária Hajnalka,246,0.62,Siófok,SMS
Gál Ferenc,1556,3.91,Siófok,LMP
Barabás Tibor András,22,0.06,Siófok,MKSZU
Lécz Viktor György,75,0.19,Siófok,FKGP
Drexler Róbert Ferenc,78,0.20,Siófok,JESZ
Tóth Attila,177,0.45,Siófok,SEM
Berkes Gábor,7838,19.71,Siófok,JOBBIK
Harangozó Gábor István,9926,24.96,Siófok,MSZP-EGYÜTT-DK-PM-MLP
Pankász Róbert,80,0.20,Siófok,ÚGP
Dömös Imre,129,0.32,Siófok,KTI
Pánczél Károly,23486,48.37,Dabas,FIDESZ-KDNP
Bódiné Berényi Ágnes,44,0.09,Dabas,EU. ROM
Zábrácki László,10003,20.60,Dabas,JOBBIK
Zsigár József,70,0.14,Dabas,ÚDP
Rapcsák Győző,57,0.12,Dabas,EP
Dankó Géza Gábor,310,0.64,Dabas,SMS
Lakos Veronika,103,0.21,Dabas,SZOCIÁLDEMOKRATÁK
Zagyva Gabriella,2181,4.49,Dabas,LMP
Orosz István Gábor,287,0.59,Dabas,EGYÜTT 2014
Marján Péter György,111,0.23,Dabas,JESZ
Szentes János,38,0.08,Dabas,SZAVA
Székely Orsolya,292,0.60,Dabas,SEM
Kreisz Katalin Erzsébet,191,0.39,Dabas,ÖP
Dr. Bakó Krisztina Katalin,11379,23.44,Dabas,MSZP-EGYÜTT-DK-PM-MLP
Lakatosné Ivanics Éva,287,0.68,Monor,EGYÜTT 2014
Gáspár Attila,41,0.10,Monor,TEMPO
Rakita Andrea Éva,152,0.36,Monor,SEM
Szikora Zoltán Ferencné,113,0.27,Monor,KTI
Tóth Ferenc Tibor,99,0.24,Monor,FKGP
Radics József,58,0.14,Monor,MCP
Molnár Józsefné,93,0.22,Monor,ÖP
Pogácsás Tibor János,19475,46.34,Monor,FIDESZ-KDNP
Gányi Miklós Andrásné,46,0.11,Monor,NEMZETI ÉRDEKÉRT
Ujházi Károly,225,0.54,Monor,A HAZA NEM ELADÓ
Oroszi István,17,0.04,Monor,AQP
Som Zsolt,16,0.04,Monor,MRPP
Török László,1515,3.61,Monor,LMP
Légrádi József Zoltán,166,0.40,Monor,ZÖLDEK
Braun Róbert,9046,21.53,Monor,MSZP-EGYÜTT-DK-PM-MLP
Dr. Kereszturi Imre,10648,25.34,Monor,JOBBIK
Havasiné Gölöncsér Aranka,26,0.06,Monor,MDU
Agócs Ildikó,38,0.07,Szigetszentmiklós,MACSEP
Barna Béla,22,0.04,Szigetszentmiklós,ÚMP
Bóna Zoltán,20946,40.26,Szigetszentmiklós,FIDESZ-KDNP
Póka László,313,0.60,Szigetszentmiklós,ÖP
Kuncze Gábor,17134,32.93,Szigetszentmiklós,MSZP-EGYÜTT-DK-PM-MLP
Lovász Márk Renátó,13,0.02,Szigetszentmiklós,ÚDP
Kanalas József,19,0.04,Szigetszentmiklós,MCP
Jaksa-Ladányi Emma Zsuzsánna,2605,5.01,Szigetszentmiklós,LMP
Takács Gábor,218,0.42,Szigetszentmiklós,KTI
Ali János,52,0.10,Szigetszentmiklós,NEMZETI ÉRDEKÉRT
Kovács Gyula,202,0.39,Szigetszentmiklós,EGYÜTT 2014
Jakab Mihály,6,0.01,Szigetszentmiklós,MCF
Boldis György,112,0.22,Szigetszentmiklós,SZOCIÁLDEMOKRATÁK
Máté Ferenc,48,0.09,Szigetszentmiklós,KMSZ
Szilvási Zsolt,260,0.50,Szigetszentmiklós,SEM
Lupa János,9578,18.41,Szigetszentmiklós,JOBBIK
Apró Tamás,182,0.35,Szigetszentmiklós,JESZ
Kirner László,277,0.53,Szigetszentmiklós,SMS
Veres Botond,371,0.67,Gödöllő,SEM
Szabó Kinga,11,0.02,Gödöllő,MRPP
Bertha Szilvia Zsuzsanna,10588,19.14,Gödöllő,JOBBIK
Szabó Sándor,132,0.24,Gödöllő,JESZ
Vécsey László József,23745,42.92,Gödöllő,FIDESZ-KDNP
Bercsényi Zoltán,303,0.55,Gödöllő,SMS
Oláh Árpád,52,0.09,Gödöllő,MCF
Sándor István,223,0.40,Gödöllő,KTI
Gomány Mihály,9,0.02,Gödöllő,EU. ROM
Kovács Barnabás,14027,25.35,Gödöllő,MSZP-EGYÜTT-DK-PM-MLP
Béres József,85,0.15,Gödöllő,MGP
Rácz Adorján Barnabás,217,0.39,Gödöllő,EGYÜTT 2014
Gaál István,121,0.22,Gödöllő,SZOCIÁLDEMOKRATÁK
Uzsokiné Lakó Éva,679,1.23,Gödöllő,A HAZA NEM ELADÓ
Lengyel Szilvia,3544,6.41,Gödöllő,LMP
Herczeg Attila,900,1.63,Gödöllő,Független
Pikács Pálné,177,0.32,Gödöllő,MCP
Dr. Penke András Mihály,143,0.26,Gödöllő,FKGP
Tóthné Megyes Katalin,296,0.72,Nagykáta,A HAZA NEM ELADÓ
Mikus Csaba,1183,2.88,Nagykáta,LMP
Pukkai Tamás,101,0.25,Nagykáta,ÖP
Győri Tibor,53,0.13,Nagykáta,MGP
Czerván György,20595,50.18,Nagykáta,FIDESZ-KDNP
Pető László,93,0.23,Nagykáta,JESZ
Surányi Tiborné,184,0.45,Nagykáta,SMS
Sárköziné Juhász Gyöngyi,124,0.30,Nagykáta,KTI
Schiller Roland,65,0.16,Nagykáta,SZOCIÁLDEMOKRATÁK
Csanádi Gábor Ferenc,10198,24.85,Nagykáta,JOBBIK
Dr. Baja Ferenc,8047,19.61,Nagykáta,MSZP-EGYÜTT-DK-PM-MLP
Apáti Tibor,104,0.25,Nagykáta,FKGP
Pintér Sándor,2296,4.46,Vecsés,LMP
Gyuriczáné Koncz Mónika,52,0.10,Vecsés,MDU
Mersei Eszter,487,0.95,Vecsés,ZÖLDEK
Kollár Krisztina,147,0.29,Vecsés,ÖP
Sas Zoltán,10098,19.62,Vecsés,JOBBIK
Dr. Szűcs Lajos,22109,42.96,Vecsés,FIDESZ-KDNP
Szabó Rebeka Katalin,14971,29.09,Vecsés,MSZP-EGYÜTT-DK-PM-MLP
Gajdos Márk Csaba,75,0.15,Vecsés,EP
Hanák Róbert,221,0.43,Vecsés,JESZ
Tóth László,116,0.23,Vecsés,SZOCIÁLDEMOKRATÁK
Bosánszki Péter,209,0.41,Vecsés,EGYÜTT 2014
Rab Alexandra,29,0.06,Vecsés,ÚDP
Kovács Sándor Zoltán,492,0.96,Vecsés,A HAZA NEM ELADÓ
Százi Nikolett,28,0.05,Vecsés,ÚMP
Dr. Nagy Marianna,140,0.27,Vecsés,SZEM-NŐPÁRT
Pokriva Nándor,93,0.16,Dunakeszi,NEMZETI ÉRDEKÉRT
Dr. Tuzson Bence Balázs,24344,41.33,Dunakeszi,FIDESZ-KDNP
Nagy Nándor,223,0.38,Dunakeszi,4K!
Budainé Kelemen Erzsébet,277,0.47,Dunakeszi,JESZ
Fazekas Attila,246,0.42,Dunakeszi,SZOCIÁLDEMOKRATÁK
Juhász Péter,4515,7.66,Dunakeszi,LMP
Méri László,518,0.88,Dunakeszi,SEM
Kovacsics Imre,643,1.09,Dunakeszi,A HAZA NEM ELADÓ
Nyiri Márton,9641,16.37,Dunakeszi,JOBBIK
Szabó Imre,18166,30.84,Dunakeszi,MSZP-EGYÜTT-DK-PM-MLP
Horváth Ferenc,240,0.41,Dunakeszi,KTI
Nagy Sándor,295,0.62,Vác,MUNKÁSPÁRT
Kiss Zsolt János,11767,24.80,Vác,MSZP-EGYÜTT-DK-PM-MLP
Harrach Péter Pál,22193,46.78,Vác,FIDESZ-KDNP
Lakatos Istvánné,77,0.16,Vác,KMSZ
Karnis Gáborné,45,0.09,Vác,TEMPO
Zsigmond Attiláné,24,0.05,Vác,ÚMP
Fehér Zsolt,9493,20.01,Vác,JOBBIK
Dr. Dákay Zoltán,299,0.63,Vác,A HAZA NEM ELADÓ
Nógrádi Ferenc,114,0.24,Vác,SZOCIÁLDEMOKRATÁK
Vitéz Attila,303,0.64,Vác,ZÖLDEK
Bánhegyi Ildikó Mária,46,0.10,Vác,MKSZU
Vojnovits Erzsébet,100,0.21,Vác,KTI
Himmerné Wetzl Annamária,79,0.17,Vác,ÖP
Nagy Szilárd Benjamin,147,0.31,Vác,SEM
Dr. Agócs-Jesztei Ágnes,53,0.11,Vác,MRPP
Kőfalvi László,53,0.11,Vác,JESZ
Dengelegi Klára Zsuzsanna,1991,4.20,Vác,LMP
Batáné Burik Anna,36,0.08,Vác,MGP
Moravcsik Attila,326,0.69,Vác,SMS
Mellákné Tóth Éva,371,0.64,Szentendre,SEM
Ferenczi János,266,0.46,Szentendre,A HAZA NEM ELADÓ
Juhász Hilda,321,0.55,Szentendre,EGYÜTT 2014
Skrobár Róbert,192,0.33,Szentendre,JESZ
Marosi Katalin,339,0.59,Szentendre,SMS
Gáspár Tibor,72,0.12,Szentendre,MCF
Murányi Levente,8167,14.11,Szentendre,JOBBIK
Kardos-Horváth János,4184,7.23,Szentendre,LMP
Győrfi Attila,27,0.05,Szentendre,NEMZETI ÉRDEKÉRT
Árvay-Nagy Anna,42,0.07,Szentendre,ÚMP
Hadházy Sándor,27364,47.28,Szentendre,FIDESZ-KDNP
Holek Katalin,132,0.23,Szentendre,ÖP
Bassa Zoltán,203,0.35,Szentendre,4K!
Sefcsik Ibolya,37,0.06,Szentendre,EP
Kiss János,413,0.71,Szentendre,ZÖLDEK
Szinna Gábor,15434,26.67,Szentendre,MSZP-EGYÜTT-DK-PM-MLP
Dr. Diószegi Gábor,289,0.50,Szentendre,SZOCIÁLDEMOKRATÁK
Kámán Dávid Miklós,23,0.04,Szentendre,ÚDP
Galba Mihály László,345,1.01,Barcs,SMS
Farkas Gábor,13,0.04,Barcs,ÚDP
Bogdán Csaba,278,0.81,Barcs,MCP
Sipos Zoltán,122,0.36,Barcs,FKGP
Köves Ákos,141,0.41,Barcs,EGYÜTT 2014
Pávics Szabolcs József,44,0.13,Barcs,ÚMP
Pandur László Gábor,141,0.41,Barcs,KTI
Pávay Miklós Györgyné,9,0.03,Barcs,HATMAP
Ander Balázs,8227,24.04,Barcs,JOBBIK
Kutas Viktor Csaba,764,2.23,Barcs,LMP
Szászfalvi László,15907,46.48,Barcs,FIDESZ-KDNP
Horváth László,137,0.40,Barcs,A HAZA NEM ELADÓ
Kovács Gábor,54,0.16,Barcs,4K!
Paluska János,40,0.12,Barcs,JESZ
Szép Erzsébet,233,0.68,Barcs,MUNKÁSPÁRT
Darcsi Natália,28,0.08,Barcs,ÖP
Csendesné Murányi Ibolya Julianna,7592,22.18,Barcs,MSZP-EGYÜTT-DK-PM-MLP
Lóth Ferenc,57,0.17,Barcs,SZOCIÁLDEMOKRATÁK
Pusztai Gábor,42,0.12,Barcs,SZMP
Kristóf Csaba,52,0.15,Barcs,MEGÚJULÁSPÁRT
Géresi Julianna,177,0.48,Marcali,SMS
Támba Klaudia,63,0.17,Marcali,ÖP
Filák Péter,1194,3.22,Marcali,LMP
Klikkné Horváth Cecília Margit,135,0.36,Marcali,KTI
Piltner Zsolt,77,0.21,Marcali,JESZ
Halmos Istvánné,30,0.08,Marcali,ÚMP
Tóth Gábor,197,0.53,Marcali,Független
Mátyás Balázs Máté,8503,22.93,Marcali,JOBBIK
Móring József Attila,17616,47.51,Marcali,FIDESZ-KDNP
Bakos Éva Gyöngyi,326,0.88,Marcali,A HAZA NEM ELADÓ
Nagyillés Máté,71,0.19,Marcali,SZOCIÁLDEMOKRATÁK
Berta-Csikós Éva,28,0.08,Marcali,SZMP
Harján Dávid,8497,22.91,Marcali,MSZP-EGYÜTT-DK-PM-MLP
Varga Zsolt,22,0.06,Marcali,ÚDP
Dr. Palócz Mihályné,19,0.05,Marcali,AQP
Szamosvári Szabolcs Sándor,127,0.34,Marcali,FKGP
Csenger-Zalán Zsolt,28327,46.54,Budakeszi,FIDESZ-KDNP
Kósa Sándor,227,0.37,Budakeszi,SZOCIÁLDEMOKRATÁK
Dr. Szél Bernadett,6607,10.86,Budakeszi,LMP
Császárné Kollár Tímea Annamária,6827,11.22,Budakeszi,JOBBIK
Anyalai Béla,81,0.13,Budakeszi,MCP
Marton Gergő,456,0.75,Budakeszi,SMS
Varga Tamás,343,0.56,Budakeszi,A HAZA NEM ELADÓ
Dr. Szabóné Müller Timea Nóra,16290,26.76,Budakeszi,MSZP-EGYÜTT-DK-PM-MLP
Keller László,1469,2.41,Budakeszi,Független
Törökné Dzsaja Erzsébet Ildikó,237,0.39,Budakeszi,EGYÜTT 2014
Gelencsér Attila,16524,40.43,Kaposvár,FIDESZ-KDNP
Bogdán Gábor,25,0.06,Kaposvár,ÚMP
Szlobodics Gyula Károly,93,0.23,Kaposvár,FKGP
Juhos Bence,168,0.41,Kaposvár,JESZ
Pénzes István Györgyné,235,0.58,Kaposvár,A HAZA NEM ELADÓ
Gelencsér Balázs,188,0.46,Kaposvár,Független
Varga Roland,40,0.10,Kaposvár,MGP
Felder Frigyes,2058,5.04,Kaposvár,LMP
Halmos Rita,35,0.09,Kaposvár,ÚDP
Potyondi Ilona,239,0.58,Kaposvár,SMS
Miháldinecz Gábor,8931,21.85,Kaposvár,JOBBIK
Dr. Kolber István,11623,28.44,Kaposvár,MSZP-EGYÜTT-DK-PM-MLP
Nagy Nándor Lajos,90,0.22,Kaposvár,Független
Tilinger Péter Márk,218,0.53,Kaposvár,ZÖLDEK
Csikós József,39,0.10,Kaposvár,SZMP
Árok Kornél,360,0.88,Kaposvár,SZOCIÁLDEMOKRATÁK
Szarvas József,119,0.23,Budapest XXI.ker.,JESZ
Perseg Imre,46,0.09,Budapest XXI.ker.,ÚMP
Daróczi József,52,0.10,Budapest XXI.ker.,MCF
Szaniszló-Bénus Benjamin,22,0.04,Budapest XXI.ker.,ÚDP
Léhmann Viktor,9076,17.78,Budapest XXI.ker.,JOBBIK
Németh Szilárd István,18120,35.50,Budapest XXI.ker.,FIDESZ-KDNP
Barabás Gyöngyvér,180,0.35,Budapest XXI.ker.,ÖP
Rózsa Gyula Attila,165,0.32,Budapest XXI.ker.,SZOCIÁLDEMOKRATÁK
Blaskó András Zoltán,96,0.19,Budapest XXI.ker.,FKGP
Dr. Thürmer Gyula,553,1.08,Budapest XXI.ker.,MUNKÁSPÁRT
Dr. Gál András Tamás,88,0.17,Budapest XXI.ker.,EP
Dr. Vidákovics László,73,0.14,Budapest XXI.ker.,MSZDP
Szedlacsek Enikő,384,0.75,Budapest XXI.ker.,SMS
Kölbl Gábor,53,0.10,Budapest XXI.ker.,MRPP
Kállai József,167,0.33,Budapest XXI.ker.,KTI
Tenk András,3076,6.03,Budapest XXI.ker.,LMP
Völgyesi Krisztián,159,0.31,Budapest XXI.ker.,4K!
Zsell Pálné,44,0.09,Budapest XXI.ker.,NEMZETI ÉRDEKÉRT
Dr. Szabó Szabolcs,18564,36.37,Budapest XXI.ker.,MSZP-EGYÜTT-DK-PM-MLP
Pulai Edina,8295,16.01,Érd,JOBBIK
Pacsuta Péter János,118,0.23,Érd,ÉLŐLÁNC
Szekszer Bernadett Katalin,60,0.12,Érd,MSZDP
Rácz Róbert,151,0.29,Érd,4K!
Varga Illés Levente,2923,5.64,Érd,LMP
Halász Ajtony Zsombor,112,0.22,Érd,FKGP
Soczó Ildikó Mária,241,0.47,Érd,SEM
Dr. Aradszki András,22271,42.97,Érd,FIDESZ-KDNP
Turczer György,130,0.25,Érd,JESZ
Dr. Dorosz Dávid,16386,31.62,Érd,MSZP-EGYÜTT-DK-PM-MLP
Járvás Éva,412,0.79,Érd,SMS
Kékesi Gergő,14,0.03,Érd,MKSZU
Lázár Andrea,455,0.88,Érd,ZÖLDEK
Fekete Kornélia,67,0.13,Érd,EP
Gara Ferencné,16,0.03,Érd,SZAVA
Varga Andrea,35,0.07,Érd,MDU
Vadászi Nándor,139,0.27,Érd,SZDP
Dr. Hiller István,18507,38.37,Budapest XX.ker.,MSZP-EGYÜTT-DK-PM-MLP
Keresztesi Gyöngyi Julianna,26,0.05,Budapest XX.ker.,EU. ROM
Nándori Ferenc,116,0.24,Budapest XX.ker.,JESZ
Tokody Marcell Gergely,7407,15.36,Budapest XX.ker.,JOBBIK
Pálosi Attila,140,0.29,Budapest XX.ker.,ÖP
Fodorné Hamar Ildikó,64,0.13,Budapest XX.ker.,EP
Adamik Renátó Imre,25,0.05,Budapest XX.ker.,NEMZETI ÉRDEKÉRT
Földesi Gyula,17523,36.33,Budapest XX.ker.,FIDESZ-KDNP
Lakatos Attila,61,0.13,Budapest XX.ker.,MCP
Halmy Gergely,543,1.13,Budapest XX.ker.,Független
Alex Tamás,190,0.39,Budapest XX.ker.,SZOCIÁLDEMOKRATÁK
Fábián Ferenc,24,0.05,Budapest XX.ker.,ÚMP
Ferenczi István,2939,6.09,Budapest XX.ker.,LMP
Molnár Ferencné,295,0.61,Budapest XX.ker.,SMS
Schnabl Marianna,167,0.35,Budapest XX.ker.,KTI
Harmainé Szabó Éva,23,0.05,Budapest XX.ker.,ÚDP
Böszörményi Gábor,126,0.26,Budapest XX.ker.,MSZDP
Lakatos Edit,61,0.13,Budapest XX.ker.,KMSZ
Varga Péter Miklósné,119,0.21,Budapest XXII.ker.,AQP
Szántó Csaba,14,0.03,Budapest XXII.ker.,MRPP
Bagdi Károly,123,0.22,Budapest XXII.ker.,JESZ
Vadász Ferenc,286,0.51,Budapest XXII.ker.,SMS
Freisz-Horváth Éva Margit,229,0.41,Budapest XXII.ker.,SZOCIÁLDEMOKRATÁK
Kovács-Haász Veronika,499,0.90,Budapest XXII.ker.,ZÖLDEK
Dr. Staudt Gábor,6784,12.18,Budapest XXII.ker.,JOBBIK
Somfai Ágnes,20523,36.86,Budapest XXII.ker.,MSZP-EGYÜTT-DK-PM-MLP
Szabolcs Attila,23189,41.64,Budapest XXII.ker.,FIDESZ-KDNP
Köhler Ákos Tamás,179,0.32,Budapest XXII.ker.,KTI
Gecsei-Tóth Andrea,3601,6.47,Budapest XXII.ker.,LMP
Nagy Donát Boldizsár,139,0.25,Budapest XXII.ker.,FKGP
Falus Zsolt Ferenc,333,0.64,Budapest XVII.ker.,KTI
Lukoczki Károly,17084,32.81,Budapest XVII.ker.,MSZP-EGYÜTT-DK-PM-MLP
Kriskó Áron,386,0.74,Budapest XVII.ker.,EGYÜTT 2014
Keller Tibor Mihály,110,0.21,Budapest XVII.ker.,FKGP
Dunai Mónika,22393,43.01,Budapest XVII.ker.,FIDESZ-KDNP
Zsichla Imre Gábor,319,0.61,Budapest XVII.ker.,SEM
Paul Tamás,190,0.36,Budapest XVII.ker.,SZOCIÁLDEMOKRATÁK
Magyar Márta,232,0.45,Budapest XVII.ker.,JESZ
Szilágyi György,7427,14.26,Budapest XVII.ker.,JOBBIK
Dr. Schmuck Erzsébet,3395,6.52,Budapest XVII.ker.,LMP
Éger Viktória Zsuzsanna,50,0.10,Budapest XVII.ker.,ÚDP
Polgár Dániel Attila,38,0.07,Budapest XVII.ker.,ÚMP
Diviki-Nagy Attila,113,0.22,Budapest XVII.ker.,ÉLŐLÁNC
Kunhalmi Ágnes,20592,37.49,Budapest XVIII.ker.,MSZP-EGYÜTT-DK-PM-MLP
Mlinkó László Csaba,54,0.10,Budapest XVIII.ker.,MRPP
Gyimesi László,174,0.32,Budapest XVIII.ker.,JESZ
Szabó József,189,0.34,Budapest XVIII.ker.,KTI
Kassai Dániel,3448,6.28,Budapest XVIII.ker.,LMP
Tagyi Kristóf Tibor,319,0.58,Budapest XVIII.ker.,SEM
Alex Ágnes Kornélia,128,0.23,Budapest XVIII.ker.,SZOCIÁLDEMOKRATÁK
Balogh Istvánné,197,0.36,Budapest XVIII.ker.,EGYÜTT 2014
Mészáros Norbert,316,0.58,Budapest XVIII.ker.,SMS
Koltai Péterné,44,0.08,Budapest XVIII.ker.,ÚMP
Kucsák László,20648,37.60,Budapest XVIII.ker.,FIDESZ-KDNP
Beszeda Anna,45,0.08,Budapest XVIII.ker.,ÚDP
Kostya Bánk László,67,0.12,Budapest XVIII.ker.,SZDP
Makai Tibor,8493,15.46,Budapest XVIII.ker.,JOBBIK
Kecskés D. Gusztáv,155,0.28,Budapest XVIII.ker.,A VÁLASZ
Várhegyi Csaba,52,0.09,Budapest XVIII.ker.,MSZDP
May Miklós,36,0.07,Budapest IV.ker.,MKSZU
Pajor Tibor,6529,12.67,Budapest IV.ker.,JOBBIK
Schiller László,220,0.43,Budapest IV.ker.,SZOCIÁLDEMOKRATÁK
Kiss Péter,20956,40.67,Budapest IV.ker.,MSZP-EGYÜTT-DK-PM-MLP
Barna Mónika,256,0.50,Budapest IV.ker.,A HAZA NEM ELADÓ
Sedon Béla,378,0.73,Budapest IV.ker.,SEM
Horváth Péter Gábor,121,0.23,Budapest IV.ker.,JESZ
Dr. Hollósi Antal Gábor,18181,35.28,Budapest IV.ker.,FIDESZ-KDNP
Rákosi Judit,3935,7.64,Budapest IV.ker.,LMP
Dr. Horváth Ferenc,84,0.16,Budapest IV.ker.,MCP
Fehérvári Zsolt István,350,0.68,Budapest IV.ker.,MUNKÁSPÁRT
Fintorné Kassai Erika,309,0.60,Budapest IV.ker.,SMS
Kiss Erika,178,0.35,Budapest IV.ker.,ÖP
Dr. Salha Omár,252,0.49,Budapest XVI.ker.,4K!
Karácsony Gergely Szilveszter,19682,38.16,Budapest XVI.ker.,MSZP-EGYÜTT-DK-PM-MLP
Szatmáry Kristóf,21445,41.58,Budapest XVI.ker.,FIDESZ-KDNP
Hargitai István László,522,1.01,Budapest XVI.ker.,ÉLŐLÁNC
Tóth László,220,0.43,Budapest XVI.ker.,JESZ
Bognár Tibor Mihály,195,0.38,Budapest XVI.ker.,ÖP
Csizmazia Ferenc István,207,0.40,Budapest XVI.ker.,SZOCIÁLDEMOKRATÁK
Kredits Krisztina,5850,11.34,Budapest XVI.ker.,JOBBIK
Mizsei László,3201,6.21,Budapest XVI.ker.,LMP
Kiss László,19633,38.24,Budapest III.ker.,MSZP-EGYÜTT-DK-PM-MLP
Póznik György Csaba,309,0.60,Budapest III.ker.,SZOCIÁLDEMOKRATÁK
Száraz Dorottya,4593,8.95,Budapest III.ker.,LMP
Zsiga-Kárpát Dániel Gábor,6815,13.27,Budapest III.ker.,JOBBIK
Keszegné Menczer Erzsébet Livia,18394,35.82,Budapest III.ker.,FIDESZ-KDNP
Balasi Ágnes,443,0.86,Budapest III.ker.,EGYÜTT 2014
Fodor Judit,182,0.35,Budapest III.ker.,ÖP
Pásztor János Pál,149,0.29,Budapest III.ker.,JESZ
Kolozsváry István,243,0.47,Budapest III.ker.,A HAZA NEM ELADÓ
Dr. Brezovits László János,585,1.14,Budapest III.ker.,ZÖLDEK
Tóth Csaba János,21697,39.88,Budapest XIV.ker.,MSZP-EGYÜTT-DK-PM-MLP
Láng Márta,474,0.87,Budapest XIV.ker.,KTI
Dr. Hajdu József Péter,368,0.68,Budapest XIV.ker.,MUNKÁSPÁRT
Török Norbert Roland,201,0.37,Budapest XIV.ker.,JESZ
Horváth András,1006,1.85,Budapest XIV.ker.,ÉLŐLÁNC
Dr. Papcsák Ferenc,19772,36.34,Budapest XIV.ker.,FIDESZ-KDNP
Kovács Béla,5924,10.89,Budapest XIV.ker.,JOBBIK
Barta János,4961,9.12,Budapest XIV.ker.,LMP
Makai Ferenc Mihály,213,0.42,Budapest XV.ker.,KTI
László Tamás,18955,37.75,Budapest XV.ker.,FIDESZ-KDNP
Móricz Eszter,18678,37.19,Budapest XV.ker.,MSZP-EGYÜTT-DK-PM-MLP
Lakatosné László Beáta,366,0.73,Budapest XV.ker.,ZÖLDEK
Zala Miklós,332,0.66,Budapest XV.ker.,SMS
Dr. Oláh Lajos,168,0.33,Budapest XV.ker.,KISGAZDAPÁRT-MIÉP
Kelemen Éva,184,0.37,Budapest XV.ker.,JESZ
Domán Attila,278,0.55,Budapest XV.ker.,SZOCIÁLDEMOKRATÁK
Szilvágyi László,3306,6.58,Budapest XV.ker.,LMP
Vörös János,250,0.50,Budapest XV.ker.,A HAZA NEM ELADÓ
Dr. Gyenes Géza József,7488,14.91,Budapest XV.ker.,JOBBIK
Kállai Zsolt,32,0.06,Budapest X.ker.,ÚDP
Tubák István,6975,13.88,Budapest X.ker.,JOBBIK
Balogh István Lajos,33,0.07,Budapest X.ker.,MCP
Tóth Balázs,3356,6.68,Budapest X.ker.,LMP
Mata András,20,0.04,Budapest X.ker.,EU. ROM
Varga István Tibor,168,0.33,Budapest X.ker.,JESZ
Göncző Zoltán János,286,0.57,Budapest X.ker.,EGYÜTT 2014
Dr. György István,18851,37.51,Budapest X.ker.,FIDESZ-KDNP
Kara Sándor,100,0.20,Budapest X.ker.,FKGP
Mészárosné Rostás Katalin Márta,349,0.69,Budapest X.ker.,SMS
Vass Zsigmond László,138,0.27,Budapest X.ker.,EP
Kerezsi László,389,0.77,Budapest X.ker.,MUNKÁSPÁRT
Burány Sándor,19501,38.81,Budapest X.ker.,MSZP-EGYÜTT-DK-PM-MLP
Kovács Julianna,26,0.05,Budapest X.ker.,MCF
Jónás Lajos,26,0.05,Budapest X.ker.,ÚMP
Pál Tibor Gyula,15437,36.96,Budapest VIII.ker.,MSZP-EGYÜTT-DK-PM-MLP
Cseh Rita,43,0.10,Budapest VIII.ker.,ÚDP
Dr. Suda Dezső József,187,0.45,Budapest VIII.ker.,SZOCIÁLDEMOKRATÁK
Dúró Dóra,5560,13.31,Budapest VIII.ker.,JOBBIK
Szilassy Gábor Cézár,113,0.27,Budapest VIII.ker.,JESZ
Jakabfy Tamás,3474,8.32,Budapest VIII.ker.,LMP
Makai Istvánné,122,0.29,Budapest VIII.ker.,KTI
Hollós Péter Lóránt,293,0.70,Budapest VIII.ker.,ZÖLDEK
Horváth Aladár,212,0.51,Budapest VIII.ker.,MCP
Torma Zsolt,29,0.07,Budapest VIII.ker.,ÚMP
Csorba Lajos,323,0.77,Budapest VIII.ker.,Független
Dr. Vas Imre,15977,38.25,Budapest VIII.ker.,FIDESZ-KDNP
Suhajdáné Toldi Zsanett Dea,432,0.80,Budapest II.ker.,ÖP
Varga Mihály,24928,45.90,Budapest II.ker.,FIDESZ-KDNP
Szelényi Zsuzsanna,20750,38.21,Budapest II.ker.,MSZP-EGYÜTT-DK-PM-MLP
Bodor Zoltán,3583,6.60,Budapest II.ker.,JOBBIK
Dárdai Zsuzsanna Terézia,4618,8.50,Budapest II.ker.,LMP
Mile Melinda,479,0.91,Budapest XII.ker.,SEM
Dr. Németh Julianna Erzsébet,139,0.26,Budapest XII.ker.,FKGP
Bartha Attila,269,0.51,Budapest XII.ker.,4K!
Hajdu Mária,5321,10.11,Budapest XII.ker.,LMP
Szávay István,3220,6.12,Budapest XII.ker.,JOBBIK
Szuna Ferenc,157,0.30,Budapest XII.ker.,KTI
Dr. Fónagy János Vilmos,24610,46.78,Budapest XII.ker.,FIDESZ-KDNP
Bauer Tamás,18414,35.00,Budapest XII.ker.,MSZP-EGYÜTT-DK-PM-MLP
Szöllősi Istvánné,321,0.68,Budapest V.ker.,SZOCIÁLDEMOKRATÁK
Schiffer András,6482,13.65,Budapest V.ker.,LMP
Rogán Antal,21503,45.29,Budapest V.ker.,FIDESZ-KDNP
Hegedűs Lóránt Gézáné,3713,7.82,Budapest V.ker.,JOBBIK
Kerék-Bárczy Szabolcs,15459,32.56,Budapest V.ker.,MSZP-EGYÜTT-DK-PM-MLP
Novák Előd Attila,4291,8.02,Budapest XI.ker.,JOBBIK
Dr. Simicskó István,23963,44.78,Budapest XI.ker.,FIDESZ-KDNP
Nagy Péter,207,0.39,Budapest XI.ker.,JESZ
Csárdi Antal,4615,8.62,Budapest XI.ker.,LMP
Dr. Józsa István,19643,36.71,Budapest XI.ker.,MSZP-EGYÜTT-DK-PM-MLP
Benyovszky Gábor,262,0.49,Budapest XI.ker.,MUNKÁSPÁRT
Petre-Varga Fruzsina Zsuzsanna,534,1.00,Budapest XI.ker.,SEM
Szekeres Péterné,331,0.62,Budapest XIII.ker.,SMS
Hiszékeny Dezső,27514,51.25,Budapest XIII.ker.,MSZP-EGYÜTT-DK-PM-MLP
Jakab Gabriella,386,0.72,Budapest XIII.ker.,SEM
Székely Mihály,110,0.20,Budapest XIII.ker.,JESZ
Kern Tamás,128,0.24,Budapest XIII.ker.,SZOCIÁLDEMOKRATÁK
Benke László,4640,8.64,Budapest XIII.ker.,JOBBIK
Iváncsevits Gyula,45,0.08,Budapest XIII.ker.,MSZDP
Dr. Szalay Péter,16453,30.65,Budapest XIII.ker.,FIDESZ-KDNP
Tóth Attila Pál,62,0.12,Budapest XIII.ker.,EP
Póka Leila,129,0.24,Budapest XIII.ker.,ÖP
Moldován László,3821,7.12,Budapest XIII.ker.,LMP
Csík Tamás,67,0.12,Budapest XIII.ker.,MCP
Váradi Gábor,227,0.54,Nyírbátor,Független
Dr. Kiss Sándor,11852,28.16,Nyírbátor,JOBBIK
Nagy László Csaba,58,0.14,Nyírbátor,ÖP
Orgován Zoltán,266,0.63,Nyírbátor,MCP
Dani Zoltán,11,0.03,Nyírbátor,SZMP
Dr. Nagy Zsombor,108,0.26,Nyírbátor,JESZ
Fekete Edit Klára,51,0.12,Nyírbátor,KISGAZDAPÁRT-MIÉP
Kurucz Györgyné,147,0.35,Nyírbátor,A HAZA NEM ELADÓ
Tanács István,51,0.12,Nyírbátor,SEM
Varga Krisztián,94,0.22,Nyírbátor,SZOCIÁLDEMOKRATÁK
Dr. Simon Miklós,19768,46.97,Nyírbátor,FIDESZ-KDNP
Dr. Helmeczy László József,8298,19.72,Nyírbátor,MSZP-EGYÜTT-DK-PM-MLP
Tamás Sándor,125,0.30,Nyírbátor,FKGP
Horváth Jenőné,41,0.10,Nyírbátor,MGP
Máté György Ákos,587,1.39,Nyírbátor,LMP
Szécsi Miklós,51,0.12,Nyírbátor,EU. ROM
Bodó Istvánné,85,0.20,Nyírbátor,ZÖLDEK
Jakab József,51,0.12,Nyírbátor,TBP
Avakov Nyikolaj Viktorovics,19,0.05,Nyírbátor,KTI
Harsányi Simon,195,0.46,Nyírbátor,SMS
Dr. Tilki Attila,23113,52.94,Vásárosnamény,FIDESZ-KDNP
Halász Csaba,122,0.28,Vásárosnamény,FKGP
Varga Ferenc,24,0.05,Vásárosnamény,NEMZETI ÉRDEKÉRT
Katona Gina,154,0.35,Vásárosnamény,KTI
Adorján Béla,11516,26.38,Vásárosnamény,JOBBIK
Nyerges József,28,0.06,Vásárosnamény,EP
Kárpáti Zoltán,123,0.28,Vásárosnamény,JESZ
Demeter István,167,0.38,Vásárosnamény,MCP
Tóth Gábor,101,0.23,Vásárosnamény,ZÖLDEK
Simó József,67,0.15,Vásárosnamény,EGYÜTT 2014
Boros Attila,105,0.24,Vásárosnamény,A HAZA NEM ELADÓ
Sipos László,226,0.52,Vásárosnamény,SZOCIÁLDEMOKRATÁK
Jenei Ferenc,39,0.09,Vásárosnamény,KISGAZDAPÁRT-MIÉP
Dr. Baka István,6930,15.87,Vásárosnamény,MSZP-EGYÜTT-DK-PM-MLP
Kovács Krisztián,35,0.08,Vásárosnamény,ÖP
Bartha Olivér,449,1.03,Vásárosnamény,LMP
Gál Noémi,155,0.35,Vásárosnamény,SMS
Lakatos Miklós,45,0.10,Vásárosnamény,Független
Nagy István Béla,263,0.60,Vásárosnamény,MUNKÁSPÁRT
Dr. Seszták Miklós István,22257,48.64,Kisvárda,FIDESZ-KDNP
Tóth Péter Pál,324,0.71,Kisvárda,MUNKÁSPÁRT
Kiss László,127,0.28,Kisvárda,SZOCIÁLDEMOKRATÁK
Kulcsár Mária,113,0.25,Kisvárda,KISGAZDAPÁRT-MIÉP
Dr. Balogh Emese Ilona,785,1.72,Kisvárda,LMP
Földi István,12276,26.83,Kisvárda,JOBBIK
Varga Zoltán,262,0.57,Kisvárda,MCP
Imre István,138,0.30,Kisvárda,SMS
Farkas Bertalan,287,0.63,Kisvárda,ZÖLDEK
Dr. Legény Zsolt,8707,19.03,Kisvárda,MSZP-EGYÜTT-DK-PM-MLP
Gyüre Lajos,179,0.39,Kisvárda,JESZ
Jarkas Richárd Mátyás,41,0.09,Kisvárda,SEM
Fodor Dezső,49,0.11,Kisvárda,ÖP
Szilcz Ildikó,212,0.46,Kisvárda,A HAZA NEM ELADÓ
Dr. Oláh Lajos,17256,38.68,Budapest VII.ker.,MSZP-EGYÜTT-DK-PM-MLP
Stummer János,4661,10.45,Budapest VII.ker.,JOBBIK
Rónaszékiné Keresztes Monika Mária,16983,38.06,Budapest VII.ker.,FIDESZ-KDNP
Csiba Katalin Gyöngyvér,5348,11.99,Budapest VII.ker.,LMP
Varga Tibor László,369,0.83,Budapest VII.ker.,JESZ
Nyíri Sándor,145,0.34,Nyíregyháza,JESZ
Tolnai Tibor,211,0.50,Nyíregyháza,A HAZA NEM ELADÓ
Nagy János Csaba,79,0.19,Nyíregyháza,Független
Kovácsné Váradi Melinda,50,0.12,Nyíregyháza,EU. ROM
Dr. Gyüre Csaba,11755,27.64,Nyíregyháza,JOBBIK
Bagdi Sándor Gábor,110,0.26,Nyíregyháza,ÖP
Koji Attiláné,60,0.14,Nyíregyháza,SZOCIÁLDEMOKRATÁK
Sipos Éva Katalin,178,0.42,Nyíregyháza,ZÖLDEK
Tóth Miklós,957,2.25,Nyíregyháza,LMP
Lakatos Lászlóné,79,0.19,Nyíregyháza,KTI
Nagy Tibor Barnabás,558,1.31,Nyíregyháza,KISGAZDAPÁRT-MIÉP
Huczman Miklósné,239,0.56,Nyíregyháza,SMS
Nagy Attila,24,0.06,Nyíregyháza,TBP
Faragó László,279,0.66,Nyíregyháza,Független
Juhász Ferenc,9485,22.30,Nyíregyháza,MSZP-EGYÜTT-DK-PM-MLP
Dr. Vinnai Győző,18322,43.08,Nyíregyháza,FIDESZ-KDNP
Gáldi Ádám György,95,0.22,Mátészalka,JESZ
Szőcsi Richárd,26,0.06,Mátészalka,EU. ROM
Halmi József,7799,18.22,Mátészalka,MSZP-EGYÜTT-DK-PM-MLP
Gellért Sándor,28,0.07,Mátészalka,ÖP
Pásku Károly,194,0.45,Mátészalka,MUNKÁSPÁRT
Balogh Pál,62,0.14,Mátészalka,KISGAZDAPÁRT-MIÉP
Kovács Sándor,21721,50.75,Mátészalka,FIDESZ-KDNP
Tempfli József,494,1.15,Mátészalka,LMP
Juhász Jácint Gyula,20,0.05,Mátészalka,MRPP
Varga Gábor,47,0.11,Mátészalka,FKGP
Tóthné Kun Andrea Éva,175,0.41,Mátészalka,SMS
Kissné Kovács Zsuzsanna,40,0.09,Mátészalka,SEM
Guthy Máté,50,0.12,Mátészalka,SZOCIÁLDEMOKRATÁK
Sasvári Erzsébet,65,0.15,Mátészalka,ZÖLDEK
Dr. Apáti István,11632,27.18,Mátészalka,JOBBIK
Horváth Antal,231,0.54,Mátészalka,MCP
Szász József,118,0.28,Mátészalka,A HAZA NEM ELADÓ
Makula Gábriel,14,0.03,Nyíregyháza,ÚDP
Makula Andrásné,8,0.02,Nyíregyháza,ÚMP
Jeszenszki András,15781,32.29,Nyíregyháza,MSZP-EGYÜTT-DK-PM-MLP
Hornyák Péter Rajmund,64,0.13,Nyíregyháza,KALÓZPÁRT
Matavovszky Dániel,157,0.32,Nyíregyháza,SEM
Varga Áronné,168,0.34,Nyíregyháza,ZÖLDEK
Szabolcsi Beáta,1881,3.85,Nyíregyháza,LMP
Kádár János,73,0.15,Nyíregyháza,KISGAZDAPÁRT-MIÉP
Tamás László Ferenc,58,0.12,Nyíregyháza,KTI
Szoboszlay György Csaba,600,1.23,Nyíregyháza,SMS
Teremi László Sándorné,110,0.23,Nyíregyháza,EGYÜTT 2014
Chrabák Sándor,397,0.81,Nyíregyháza,A HAZA NEM ELADÓ
Nagy Róbert István,124,0.25,Nyíregyháza,Független
Balczó Zoltán György,11138,22.79,Nyíregyháza,JOBBIK
Duka Dezső,198,0.41,Nyíregyháza,MCP
Dr. Terebesiné Kovács Éva,115,0.24,Nyíregyháza,SZOCIÁLDEMOKRATÁK
Farkas Roland Norbert,37,0.08,Nyíregyháza,NEMZETI ÉRDEKÉRT
Petneházy Szabolcs Attila,17484,35.78,Nyíregyháza,FIDESZ-KDNP
Fábián Csaba János,36,0.07,Nyíregyháza,EP
Gulácsiné Dr. Dobos Emőke,77,0.16,Nyíregyháza,FKGP
Szepessy Zsolt László,225,0.46,Nyíregyháza,ÖP
Dakó Attila,127,0.26,Nyíregyháza,JESZ
Zsömlye György,59,0.11,Zalaegerszeg,MGP
Major Gábor,12381,24.08,Zalaegerszeg,MSZP-EGYÜTT-DK-PM-MLP
Salamon László,42,0.08,Zalaegerszeg,ÚDP
Domokos Ádám,46,0.09,Zalaegerszeg,ÚMP
Jambrik Gézáné,31,0.06,Zalaegerszeg,MDU
Pete Róbert,10957,21.31,Zalaegerszeg,JOBBIK
Király Ildikó,35,0.07,Zalaegerszeg,HATMAP
Jambrik Márton,29,0.06,Zalaegerszeg,"REND, SZABADSÁG"
Kiss Ferenc,1382,2.69,Zalaegerszeg,Független
Németh Brendon Zsolt,79,0.15,Zalaegerszeg,MCP
Hegedüs Erzsébet,133,0.26,Zalaegerszeg,SZOCIÁLDEMOKRATÁK
Tibolya Krisztina,54,0.11,Zalaegerszeg,MSZDP
Dr. Paksy Zoltán,2196,4.27,Zalaegerszeg,LMP
Kulcsárné Kozma Erzsébet,25,0.05,Zalaegerszeg,SZAVA
Tóth István Jánosné,636,1.24,Zalaegerszeg,SMS
Dr. Bor Tibor,235,0.46,Zalaegerszeg,FKGP
Cseke József,117,0.23,Zalaegerszeg,SZMP
Vigh László,22816,44.38,Zalaegerszeg,FIDESZ-KDNP
Czirók Erika Aranka,163,0.32,Zalaegerszeg,EP
Berkenyés István,302,0.67,Keszthely,FKGP
Szarvas István,173,0.38,Keszthely,SMS
Nagy Richárd,36,0.08,Keszthely,ÚDP
Németh Áron Csaba,1792,3.95,Keszthely,LMP
Fenyvesi Tibor,133,0.29,Keszthely,MCP
Szermek Zsolt Ottó,8943,19.72,Keszthely,MSZP-EGYÜTT-DK-PM-MLP
Selmeczy Zsuzsanna,10985,24.22,Keszthely,JOBBIK
Manninger Jenő Vilmos,22351,49.28,Keszthely,FIDESZ-KDNP
Kottán Krisztián,96,0.21,Keszthely,ÚMP
Balázs Árpád Mátyás,378,0.83,Keszthely,A HAZA NEM ELADÓ
Raffai Eszter Evelin,35,0.08,Keszthely,MRPP
Sütő János Zoltán,132,0.29,Keszthely,JESZ
Nagy Attila,12131,27.32,Szigetvár,MSZP-EGYÜTT-DK-PM-MLP
Tari József,134,0.30,Szigetvár,KTI
Rémes Árpád Csaba,63,0.14,Szigetvár,MGP
Angyal Károly Tibor,1439,3.24,Szigetvár,LMP
Tomkó Miklós László,73,0.16,Szigetvár,TEMPO
Vadász Beáta,173,0.39,Szigetvár,JESZ
Dénes Árpád,7,0.02,Szigetvár,ÚDP
Császár Norbert,359,0.81,Szigetvár,A HAZA NEM ELADÓ
Pöttendi János,117,0.26,Szigetvár,EURÓPAI BALOLDAL
Tiffán Zsolt,19563,44.06,Szigetvár,FIDESZ-KDNP
Rippert Zoltán,40,0.09,Szigetvár,SZMP
Palásti János,139,0.31,Szigetvár,Független
Fonád Gyula Sándor,10,0.02,Szigetvár,ÚMP
Balogh Zoltán Kálmán,117,0.26,Szigetvár,SZOCIÁLDEMOKRATÁK
Fazakas András,113,0.25,Szigetvár,SEM
Papp Csaba,51,0.11,Szigetvár,HATMAP
Zsolnai Péterné,49,0.11,Szigetvár,KMSZ
Mitrovics Olivér,45,0.10,Szigetvár,MRPP
Kulcsár Jánosné,58,0.13,Szigetvár,ÖP
Sós Miklósné,71,0.16,Szigetvár,EGYIKSEM
Dörömböző Gyula,170,0.38,Szigetvár,MCP
Vida Dezső Zoltán,9081,20.45,Szigetvár,JOBBIK
Szabó Tünde Andrea,25,0.06,Szigetvár,MDU
Orsós Zoltán,39,0.09,Szigetvár,EU. ROM
Barla-Szabó Zsolt Tamás,220,0.50,Szigetvár,FKGP
Mályi Lászlóné,114,0.26,Szigetvár,SMS
Bertanicz Vilmos Györgyné,484,1.12,Mohács,Független
Kecskemétiné Gomán Emma Rozália,76,0.18,Mohács,KMSZ
László Judit,41,0.10,Mohács,ÚMP
Kovács István,37,0.09,Mohács,ÚDP
Loschán Ferenc,8983,20.88,Mohács,MSZP-EGYÜTT-DK-PM-MLP
Móricz Károly Antalné,113,0.26,Mohács,SZOCIÁLDEMOKRATÁK
Szőcs Norbert,8137,18.91,Mohács,JOBBIK
Mihálovics Ibolya,135,0.31,Mohács,MCP
Bíró Zsolt,247,0.57,Mohács,KTI
Hartweg Ildikó Anna,1890,4.39,Mohács,LMP
Széles Orsolya,190,0.44,Mohács,SEM
Schwarczkopf Róbert,145,0.34,Mohács,SMS
Horváth József,332,0.77,Mohács,MUNKÁSPÁRT
Dittrich Ferenc,84,0.20,Mohács,JESZ
Dr. Hargitai János György,21625,50.26,Mohács,FIDESZ-KDNP
Simonné Szép Ildikó,30,0.07,Mohács,EU. ROM
Zelei Pálné,30,0.07,Mohács,TEMPO
Szenes Zsolt,368,0.86,Mohács,A HAZA NEM ELADÓ
Takács Róbert,76,0.18,Mohács,ÖP
Gyimesi Gábor Jenő,9931,20.68,Pécs,JOBBIK
Kiss Zoltán,38,0.08,Pécs,MACSEP
Dr. Hoppál Péter Tamás,17413,36.27,Pécs,FIDESZ-KDNP
Radányi Norbert,259,0.54,Pécs,SEM
Parádainé Jászfi Viktória,26,0.05,Pécs,ÚDP
Kittl János István,285,0.59,Pécs,KTI
Petrecz Veronika,35,0.07,Pécs,ÚMP
Dr. Szakács László,15334,31.94,Pécs,MSZP-EGYÜTT-DK-PM-MLP
Héjjas Illés Gábor,136,0.28,Pécs,JESZ
Donáczi György János,132,0.27,Pécs,FKGP
Dr. Keresztes László Lóránt,3650,7.60,Pécs,LMP
Gavri Edit,216,0.45,Pécs,SZOCIÁLDEMOKRATÁK
György Zoltán Imre,459,0.96,Pécs,A HAZA NEM ELADÓ
Sáfár Ferenc,101,0.21,Pécs,ÖP
Szaksz Tamás,306,0.60,Pécs,SEM
Szentes Richárd,125,0.25,Pécs,Független
Sárközi Lajos,43,0.08,Pécs,Független
Eckert Péter,48,0.09,Pécs,SZAVA
Török Edina,505,1.00,Pécs,A HAZA NEM ELADÓ
Erdélyi Sándor Mihály,238,0.47,Pécs,SMS
Dr. Kóbor József,4489,8.85,Pécs,LMP
Juhász István,233,0.46,Pécs,SZOCIÁLDEMOKRATÁK
Tóth József,179,0.35,Pécs,JESZ
Németh Zsolt,8379,16.53,Pécs,JOBBIK
Csiszárné Nagy Erzsébet,70,0.14,Pécs,TEMPO
Csizi Péter,18855,37.19,Pécs,FIDESZ-KDNP
Gyócsi Győző Roland,74,0.15,Pécs,Független
Dr. Tóth Bertalan,16706,32.95,Pécs,MSZP-EGYÜTT-DK-PM-MLP
Ördög Margit Rozália,124,0.24,Pécs,FKGP
Barna László István,329,0.65,Pécs,KTI
Dr. Horváth József,11769,27.34,Tapolca,MSZP-EGYÜTT-DK-PM-MLP
Stumpf Mariann,181,0.42,Tapolca,SEM
Szabó Ferenc,234,0.54,Tapolca,A HAZA NEM ELADÓ
Bogdán Levente,44,0.10,Tapolca,MCP
Kottán Georgina,38,0.09,Tapolca,ÚMP
Barbalics Antal,232,0.54,Tapolca,KTI
Tóth Tibor,147,0.34,Tapolca,SZOCIÁLDEMOKRATÁK
Lázár Péter László,80,0.19,Tapolca,ÉLŐLÁNC
Kónya Krisztián Zsolt,96,0.22,Tapolca,JESZ
Dobó Zoltán,10110,23.49,Tapolca,JOBBIK
Kócs Felicián Gábor,34,0.08,Tapolca,ÚDP
Lasztovicza Jenő,18570,43.14,Tapolca,FIDESZ-KDNP
Németh Ferenc,47,0.11,Tapolca,MGP
Bándliné Keserü Judit,65,0.15,Tapolca,ÖP
Guzslován Gábor,1276,2.96,Tapolca,LMP
Horváth Ferenc,32,0.07,Tapolca,EU. ROM
Széll Tamás,87,0.20,Tapolca,ÚGP
Ferenczi Gábor,10030,22.98,Pápa,JOBBIK
Király Jenny,28,0.06,Pápa,ÚDP
Hernádi Tamás,164,0.38,Pápa,JESZ
Királyné Ferencz Ildikó,53,0.12,Pápa,ÚMP
Horváth Sándor,62,0.14,Pápa,MCP
Pászli Ferenc,176,0.40,Pápa,ZÖLDEK
Nyőgér István,1274,2.92,Pápa,LMP
Gőgös Zoltán,9485,21.73,Pápa,MSZP-EGYÜTT-DK-PM-MLP
Dr. Kovács Zoltán,22246,50.98,Pápa,FIDESZ-KDNP
Mészáros Szabolcs,123,0.28,Pápa,EP
Kránitz László,7005,16.69,Csorna,MSZP-EGYÜTT-DK-PM-MLP
Szakács Gyula,1268,3.02,Csorna,LMP
Sándli Zsolt,108,0.26,Csorna,JESZ
Gyopáros Alpár Ádám,24707,58.85,Csorna,FIDESZ-KDNP
Papp Péter,58,0.14,Csorna,ÚDP
Kovács Krisztián,153,0.36,Csorna,EGYÜTT 2014
Mersich Dániel,40,0.10,Csorna,ÚMP
Fodor Zoltánné,166,0.40,Csorna,KISGAZDAPÁRT-MIÉP
Magyar Zoltán,8478,20.19,Csorna,JOBBIK
Takács Krisztián,7714,17.33,Győr,JOBBIK
Tánczos Ádám Péter,59,0.13,Győr,ÚMP
Kara Ákos,24593,55.25,Győr,FIDESZ-KDNP
Takács András,179,0.40,Győr,SZOCIÁLDEMOKRATÁK
Glázer Tímea,9278,20.84,Győr,MSZP-EGYÜTT-DK-PM-MLP
Jenei Ferenc,2089,4.69,Győr,LMP
Szenftner László,314,0.71,Győr,SMS
Jámbor Zoltán,288,0.65,Győr,JESZ
Báthori István,383,0.84,Balatonfüred,SEM
Scheiring Gábor,12428,27.19,Balatonfüred,MSZP-EGYÜTT-DK-PM-MLP
Fülöp Richárd,196,0.43,Balatonfüred,JESZ
Varga Péter Roland,50,0.11,Balatonfüred,ÚMP
Puli Diána Klaudia,300,0.66,Balatonfüred,A HAZA NEM ELADÓ
Kincses Mária Rózsa,46,0.10,Balatonfüred,MDU
Tar Krisztián,35,0.08,Balatonfüred,ÚDP
Dr. Sinkáné Vati Júlia,148,0.32,Balatonfüred,ÖP
Török Mónika,154,0.34,Balatonfüred,SZOCIÁLDEMOKRATÁK
Strasszer Ferencné,12,0.03,Balatonfüred,"REND, SZABADSÁG"
Orsós László Vendel,50,0.11,Balatonfüred,MCP
Turcsán József,73,0.16,Balatonfüred,MKSZU
Csonnó György Ferenc,20,0.04,Balatonfüred,EU. ROM
Cséby Géza Attila,2246,4.91,Balatonfüred,LMP
Kepli Lajos,8716,19.07,Balatonfüred,JOBBIK
Dr. Kontrát Károly,20854,45.62,Balatonfüred,FIDESZ-KDNP
Kozmor Imre Ferenc,25,0.05,Veszprém,ÚMP
Pál Béla,13009,27.64,Veszprém,MSZP-EGYÜTT-DK-PM-MLP
Kerpács István,51,0.11,Veszprém,MCP
Vajda Krisztián,50,0.11,Veszprém,ÚDP
Gerstmár Ferenc,2904,6.17,Veszprém,LMP
Kovács Béla,304,0.65,Veszprém,SEM
Horváth Márton Imre,332,0.71,Veszprém,JESZ
Forgóné Kelemen Judit Andrea,7759,16.48,Veszprém,JOBBIK
Dr. Navracsics Tibor,22194,47.15,Veszprém,FIDESZ-KDNP
Piróth István,262,0.56,Veszprém,A HAZA NEM ELADÓ
Sinka Vivien Karolin,178,0.38,Veszprém,ÖP
Németh Sándor,33,0.07,Győr,ÚMP
Remetei Tamás,235,0.53,Győr,JESZ
Szalay András,40,0.09,Győr,ÚDP
Tempfliné Szabó Viktória,158,0.36,Győr,ÖP
Simon Róbert Balázs,21560,48.76,Győr,FIDESZ-KDNP
Fodor Roland Alexander,6364,14.39,Győr,JOBBIK
Molnár Zsolt,130,0.29,Győr,KTI
Madarász Zsuzsanna,2468,5.58,Győr,LMP
Milkovics Attila,191,0.43,Győr,MUNKÁSPÁRT
Fábián György Zoltán,12893,29.16,Győr,MSZP-EGYÜTT-DK-PM-MLP
Sali Csaba,144,0.33,Győr,SZOCIÁLDEMOKRATÁK
Molnár János,110,0.22,Hatvan,SZOCIÁLDEMOKRATÁK
Ács Péter,15,0.03,Hatvan,MDU
Tóth Norbert,1114,2.26,Hatvan,LMP
Dr. Kapolyi László,55,0.11,Hatvan,MSZDP
Szőcs István,54,0.11,Hatvan,KMSZ
Szabó Zsolt,20304,41.18,Hatvan,FIDESZ-KDNP
Ivanics Róbert,622,1.26,Hatvan,Független
Tóth-Kern Enikő,31,0.06,Hatvan,"REND, SZABADSÁG"
Sneider Tamás,15268,30.97,Hatvan,JOBBIK
Kiss Gábor,94,0.19,Hatvan,ÖP
Oláh Károly,67,0.14,Hatvan,FKGP
Fehér Andrea,166,0.34,Hatvan,SEM
László Zsolt,13,0.03,Hatvan,HATMAP
Mikó János,21,0.04,Hatvan,NÉP
Burai Ferenc,160,0.32,Hatvan,MCP
Korózs Lajos,10797,21.90,Hatvan,MSZP-EGYÜTT-DK-PM-MLP
Ránics Erika,163,0.33,Hatvan,SMS
Botos Ferenc,251,0.51,Hatvan,KTI
Zsigó Róbert Vilmos,19286,49.66,Baja,FIDESZ-KDNP
Bálint Hajnalka,58,0.15,Baja,MAJP
Mészáros István,6792,17.49,Baja,JOBBIK
Teket Melinda,9954,25.63,Baja,MSZP-EGYÜTT-DK-PM-MLP
Krizsák Péter,15,0.04,Baja,MCF
Radics Istvánné,74,0.19,Baja,SZOCIÁLDEMOKRATÁK
Ikotity István,1835,4.72,Baja,LMP
Pekli Edit,117,0.30,Baja,SMS
Papp László,33,0.08,Baja,MKSZU
Czöndör Gyula,108,0.28,Baja,KTI
Gyulánszki István,41,0.11,Baja,MGP
Atyánszky György Ernő,125,0.32,Baja,JESZ
Kalapos Mária,245,0.63,Baja,MUNKÁSPÁRT
Kolozsvári Julianna,129,0.33,Baja,TEMPO
Bogdán József,26,0.07,Baja,MACSEP
Balázs Beáta,125,0.32,Kiskunhalas,EGYÜTT 2014
Farkas Gergely,9659,24.47,Kiskunhalas,JOBBIK
Logó Ilona Rita,24,0.06,Kiskunhalas,MACSEP
Bányai Gábor Elemér,20228,51.25,Kiskunhalas,FIDESZ-KDNP
Török Zsolt Bernát,7297,18.49,Kiskunhalas,MSZP-EGYÜTT-DK-PM-MLP
Karancsi Tibor József,90,0.23,Kiskunhalas,SZOCIÁLDEMOKRATÁK
Sárosi Albert János,26,0.07,Kiskunhalas,ÚDP
Sinka Antal,56,0.14,Kiskunhalas,MGP
Gyovai István,741,1.88,Kiskunhalas,KTI
Kállai István Zsolt,88,0.22,Kiskunhalas,SEM
Lapos Péter,913,2.31,Kiskunhalas,LMP
Tajti Katalin,47,0.12,Kiskunhalas,TEMPO
Uray Erzsébet,172,0.44,Kiskunhalas,Független
Dr. Szalóczi Géza György,13781,25.37,Eger,MSZP-EGYÜTT-DK-PM-MLP
Mirkóczki Ádám,15410,28.37,Eger,JOBBIK
Balog István,121,0.22,Eger,ÖP
Szamkó Rozália,19,0.03,Eger,EU. ROM
Dr. Nyitrai Zsolt Péter,21151,38.94,Eger,FIDESZ-KDNP
Dr. Csarnó Ákos,2528,4.65,Eger,LMP
Faludi Sándor Gábor,269,0.50,Eger,A HAZA NEM ELADÓ
Kecskés Gábor,276,0.51,Eger,ZÖLDEK
Bodnár Pál,228,0.42,Eger,SZOCIÁLDEMOKRATÁK
Juhász Szabolcs,279,0.51,Eger,Független
Barkóczi Géza,249,0.46,Eger,MCP
György Roland,92,0.17,Gyöngyös,FKGP
Vona Gábor,19159,35.78,Gyöngyös,JOBBIK
Rozinka Gyöngyi,27,0.05,Gyöngyös,HATMAP
Schopf Rita,30,0.06,Gyöngyös,MSZDP
Dr. Lukács Zoltán,1360,2.54,Gyöngyös,LMP
Szegváry Krisztián,91,0.17,Gyöngyös,SEM
Snep Andrea,15,0.03,Gyöngyös,"REND, SZABADSÁG"
Suha Jenő,75,0.14,Gyöngyös,EU. ROM
Huszárné Luda Ágnes,22,0.04,Gyöngyös,MDU
Tenke János,193,0.36,Gyöngyös,A HAZA NEM ELADÓ
Dr. Sós Tamás,11874,22.17,Gyöngyös,MSZP-EGYÜTT-DK-PM-MLP
Ivády Gábor,283,0.53,Gyöngyös,KTI
Rézműves Róbert,90,0.17,Gyöngyös,MCP
Szabó Sándor Miklós,80,0.15,Gyöngyös,SZOCIÁLDEMOKRATÁK
Egyed Mónika,57,0.11,Gyöngyös,ÖP
Horváth László Dezső,19798,36.97,Gyöngyös,FIDESZ-KDNP
Horváth Mihály,192,0.36,Gyöngyös,ZÖLDEK
Subicz István,115,0.21,Gyöngyös,SMS
Kohajda László István,333,0.77,Kecskemét,ÉLŐLÁNC
Ladányi György,80,0.19,Kecskemét,TEMPO
Oberna Zoltán,7548,17.49,Kecskemét,JOBBIK
Varga Kinga Mária,78,0.18,Kecskemét,MSZDP
Lédeczi László,219,0.51,Kecskemét,SEM
Mányi István,14,0.03,Kecskemét,MACSEP
Orbán Gyula,93,0.22,Kecskemét,MCP
Dr. Vancsura István,185,0.43,Kecskemét,JESZ
Laskovics Diána,9446,21.88,Kecskemét,MSZP-EGYÜTT-DK-PM-MLP
Dr. Zombor Gábor Zoltán,22303,51.67,Kecskemét,FIDESZ-KDNP
Verebély András Pál,83,0.19,Kecskemét,MGP
Papp Jánosné,138,0.32,Kecskemét,KTI
Falusi Norbert,2295,5.32,Kecskemét,LMP
Lovas Ildikó Éva,347,0.80,Kecskemét,A HAZA NEM ELADÓ
Kiss Kálmán Tibor,1387,3.42,Kiskunfélegyháza,LMP
Horváth Ferenc Antalné,181,0.45,Kiskunfélegyháza,KTI
Rostás Sarolta,88,0.22,Kiskunfélegyháza,EGYÜTT 2014
Ráska Ferenc János,23,0.06,Kiskunfélegyháza,HATMAP
Dr. Garai István Levente,7452,18.37,Kiskunfélegyháza,MSZP-EGYÜTT-DK-PM-MLP
Vályi Bettina,34,0.08,Kiskunfélegyháza,MDU
Dr. Réczi László,493,1.22,Kiskunfélegyháza,SMS
Bálint Gyula,20,0.05,Kiskunfélegyháza,"REND, SZABADSÁG"
Kolompár Attila,10,0.02,Kiskunfélegyháza,MACSEP
Szabó Bettina,60,0.15,Kiskunfélegyháza,ÚMP
Kollár László,8666,21.37,Kiskunfélegyháza,JOBBIK
Dr. Patai Antal,175,0.43,Kiskunfélegyháza,SZOCIÁLDEMOKRATÁK
Somodi Milán,203,0.50,Kiskunfélegyháza,JESZ
Lezsák Sándor István,21634,53.34,Kiskunfélegyháza,FIDESZ-KDNP
Kutalik Tamás,133,0.33,Kiskunfélegyháza,ÖP
Sörös József,220,0.55,Kecskemét,SMS
Dr. Salacz László,20558,51.34,Kecskemét,FIDESZ-KDNP
Szarka Szilvia,346,0.86,Kecskemét,ZÖLDEK
Gyöngyösi Márton Balázs,8204,20.49,Kecskemét,JOBBIK
Orbán Gábor,103,0.26,Kecskemét,SZOCIÁLDEMOKRATÁK
Orbán Gyula,32,0.08,Kecskemét,MACSEP
Ruszkovics János,248,0.62,Kecskemét,KTI
Király József,7899,19.73,Kecskemét,MSZP-EGYÜTT-DK-PM-MLP
Borbély József,84,0.21,Kecskemét,TEMPO
Kriskó Dávid Gábor,2134,5.33,Kecskemét,LMP
Pintér Kálmán,99,0.25,Kecskemét,MCP
Palotai Gábor,116,0.29,Kecskemét,ÖP
Suhajda Krisztián,9397,22.93,Kalocsa,JOBBIK
Sztojka Mariann,48,0.12,Kalocsa,MCF
Harkai Péterné,61,0.15,Kalocsa,TEMPO
Kindl László,23,0.06,Kalocsa,ÚDP
Font Sándor,20833,50.84,Kalocsa,FIDESZ-KDNP
Kiss János,36,0.09,Kalocsa,MDU
Üsztöke László,159,0.39,Kalocsa,Független
Kissné Simonics Gabriella,23,0.06,Kalocsa,HATMAP
Tóth József,157,0.38,Kalocsa,KTI
Müller János Sándor,186,0.45,Kalocsa,EGYÜTT 2014
Makádi Balázs,1457,3.56,Kalocsa,LMP
Szalai Ferencné,30,0.07,Kalocsa,"REND, SZABADSÁG"
Oláh Zsoltné,48,0.12,Kalocsa,MCP
Niedermüller Péter,8321,20.31,Kalocsa,MSZP-EGYÜTT-DK-PM-MLP
Bakó Tamás,28,0.07,Kalocsa,ÚMP
Korsós Ádám János,25,0.06,Kalocsa,MACSEP
Kollinger Attila,144,0.35,Kalocsa,SZOCIÁLDEMOKRATÁK
Mata Szilárd,84,0.19,Sátoraljaújhely,A VÁLASZ
Pasztorniczky István,11561,26.40,Sátoraljaújhely,JOBBIK
Dr. Tóth István,1045,2.39,Sátoraljaújhely,LMP
Musa Károly Rudolf,15,0.03,Sátoraljaújhely,ÚDP
Lakatos Tibor,490,1.12,Sátoraljaújhely,MCP
Vécsi István,9566,21.85,Sátoraljaújhely,MSZP-EGYÜTT-DK-PM-MLP
Horváth András,260,0.59,Sátoraljaújhely,SZOCIÁLDEMOKRATÁK
Mizsik Diána,161,0.37,Sátoraljaújhely,FKGP
Dr. Hörcsik Richárd,19932,45.52,Sátoraljaújhely,FIDESZ-KDNP
Mata Szabolcsné,88,0.20,Sátoraljaújhely,EGYÜTT 2014
Orsovai János,153,0.35,Sátoraljaújhely,A HAZA NEM ELADÓ
Gervai Valter,66,0.15,Sátoraljaújhely,ÖP
Laczkó Gyula,23,0.05,Sátoraljaújhely,EU. ROM
Horváth Krisztián,170,0.39,Sátoraljaújhely,JESZ
Mata Szabolcs,27,0.06,Sátoraljaújhely,ÚMP
Pázmándi János,147,0.34,Sátoraljaújhely,SMS
Gulyás Pál,859,1.91,Kazincbarcika,LMP
Kovács Imre József,92,0.20,Kazincbarcika,SZOCIÁLDEMOKRATÁK
Kalanovicsné Fábus Éva Zsuzsanna,227,0.50,Kazincbarcika,SMS
Kardos Mihály,361,0.80,Kazincbarcika,MUNKÁSPÁRT
Tiszaváry Fanni,86,0.19,Kazincbarcika,SEM
Orgona Ágnes,49,0.11,Kazincbarcika,SZEM-NŐPÁRT
Klimon István,12563,27.95,Kazincbarcika,MSZP-EGYÜTT-DK-PM-MLP
Miklós Árpád,12500,27.81,Kazincbarcika,JOBBIK
Bódis Zsolt Ferenc,61,0.14,Kazincbarcika,ÖP
Lakatos Krisztián,538,1.20,Kazincbarcika,MCP
Hafenscher Balázs,8,0.02,Kazincbarcika,ÚMP
Soltész Imre István,91,0.20,Kazincbarcika,KISGAZDAPÁRT-MIÉP
Zsiros László,240,0.53,Kazincbarcika,JESZ
Demeter Zoltán,16696,37.14,Kazincbarcika,FIDESZ-KDNP
Ormós László,88,0.20,Kazincbarcika,MDU
Tóth Istvánné,43,0.10,Kazincbarcika,FKGP
Bezsilla Zoltán,66,0.15,Kazincbarcika,TBP
Mata Szabolcs,89,0.20,Kazincbarcika,EGYÜTT 2014
Frank Tibor,160,0.36,Kazincbarcika,A HAZA NEM ELADÓ
Balogh Izabella Margit,13,0.03,Kazincbarcika,ÚDP
Guba Csabáné,122,0.27,Kazincbarcika,KTI
Fülöp József Istvánné,329,0.70,Miskolc,MUNKÁSPÁRT
Mile Lajos,1555,3.30,Miskolc,LMP
Vékony Mária,120,0.25,Miskolc,SZOCIÁLDEMOKRATÁK
Tóth Árpád,165,0.35,Miskolc,SEM
Tamás János,83,0.18,Miskolc,MDU
Botos Ferenc,334,0.71,Miskolc,MCP
Dr. Varga László,14798,31.39,Miskolc,MSZP-EGYÜTT-DK-PM-MLP
Rivnyák Tibor,58,0.12,Miskolc,FKGP
Szakos Zoltán,120,0.25,Miskolc,ÖP
Mach Kornél,3,0.01,Miskolc,MRPP
Iváncsó Zsolt,255,0.54,Miskolc,A HAZA NEM ELADÓ
Pakusza Zoltán,14425,30.60,Miskolc,JOBBIK
Sebestyén László,14560,30.89,Miskolc,FIDESZ-KDNP
Szabóné Füle Márta,335,0.71,Miskolc,ZÖLDEK
Kisgergely András,248,0.61,Ózd,Nemzeti Forr.Párt
Andrássy Dénes Károly,133,0.32,Ózd,A HAZA NEM ELADÓ
Rézműves Anikó,125,0.31,Ózd,SMS
Harkály Csaba,350,0.85,Ózd,MCP
Egyed Zsolt,12148,29.64,Ózd,JOBBIK
Forray Zsolt,80,0.20,Ózd,SEM
Császár Antal László,124,0.30,Ózd,Független
Greskovits István,230,0.56,Ózd,FKGP
Orliczki Sándor József,103,0.25,Ózd,SZDP
Nyakó István,10146,24.76,Ózd,MSZP-EGYÜTT-DK-PM-MLP
Szilágyi Imre,612,1.49,Ózd,LMP
Riz Gábor,15473,37.76,Ózd,FIDESZ-KDNP
Tóth Melinda Anna,133,0.32,Ózd,JESZ
Vágó Lajos Béla,46,0.11,Ózd,KTI
Lázi Csaba,18,0.04,Ózd,ÚDP
Gömöri András,13,0.03,Ózd,ÚMP
Siroki Zsolt,183,0.45,Ózd,EGYÜTT 2014
Kónya Béla,474,1.16,Ózd,MUNKÁSPÁRT
Gál József,341,0.83,Ózd,SZOCIÁLDEMOKRATÁK
Rádai Alex,178,0.43,Békés,SZOCIÁLDEMOKRATÁK
Rejtő József,7925,19.00,Békés,MSZP-EGYÜTT-DK-PM-MLP
Ásós Tibor,88,0.21,Békés,MACSEP
Varga Sándor,99,0.24,Békés,MSZDP
Dankó Béla,19942,47.80,Békés,FIDESZ-KDNP
Mészáros Gina Ildikó,69,0.17,Békés,ÚMP
Urbancsok Istvánné,182,0.44,Békés,KTI
Rigler Miklós,1576,3.78,Békés,LMP
Kun Éva,59,0.14,Békés,NEMZETI ÉRDEKÉRT
Borzáné Uram Ildikó,534,1.28,Békés,A HAZA NEM ELADÓ
Ungvári Imre,19,0.05,Békés,ÚDP
Jakab József,90,0.22,Békés,ÖP
Samu Tamás Gergő,10958,26.27,Békés,JOBBIK
Papp Anikó,654,1.59,Gyula,Független
Bod Tamás,9378,22.74,Gyula,MSZP-EGYÜTT-DK-PM-MLP
Sajtos László,46,0.11,Gyula,MCP
Szivos Lajos Zoltánné,24,0.06,Gyula,MKSZU
Beregszászi Lili,118,0.29,Gyula,SEM
Dr. Kovács József Dezső,19315,46.83,Gyula,FIDESZ-KDNP
Kempf-Bereczki Mária,10,0.02,Gyula,ÚDP
Földi Mihály István,1101,2.67,Gyula,LMP
Kásler Árpád,2357,5.71,Gyula,A HAZA NEM ELADÓ
Varga Géza István,7579,18.38,Gyula,JOBBIK
Fazekas Gáborné,24,0.06,Gyula,ÚMP
Gémes László,23,0.06,Gyula,MACSEP
Dinya Gábor Balázs,13,0.03,Gyula,NEMZETI ÉRDEKÉRT
Bagó Anita,43,0.10,Gyula,ÖP
Leelőssy Éva,135,0.33,Gyula,SMS
Szőke János,423,1.03,Gyula,MUNKÁSPÁRT
Nagy Gábor,1487,3.25,Orosháza,LMP
Simonka György,20789,45.39,Orosháza,FIDESZ-KDNP
Jámbor Nándor,10403,22.71,Orosháza,JOBBIK
Faragó Attila István,51,0.11,Orosháza,SZOCIÁLDEMOKRATÁK
Balogh Csaba,108,0.24,Orosháza,MCP
Gombosné Bárdos Gabriella Éva,28,0.06,Orosháza,HATMAP
Mák Beáta,127,0.28,Orosháza,SZDP
Nemes Miklós,25,0.05,Orosháza,MDU
Horváth Marianna,180,0.39,Orosháza,Független
Hegedűsné Bányai Ildikó,61,0.13,Orosháza,ÖP
Krisán László,22,0.05,Orosháza,ÚMP
Mezei János,28,0.06,Orosháza,MACSEP
Gál Ferenc,657,1.43,Orosháza,MUNKÁSPÁRT
Balogh Mónika,10,0.02,Orosháza,MCF
Varga Zoltán,10738,23.44,Orosháza,MSZP-EGYÜTT-DK-PM-MLP
Dr. Kincses István András,341,0.74,Orosháza,SMS
Révész Géza,31,0.07,Orosháza,"REND, SZABADSÁG"
Szabó Attila,93,0.20,Orosháza,EGYÜTT 2014
Berki János,598,1.31,Orosháza,A HAZA NEM ELADÓ
Kempf András,28,0.06,Orosháza,ÚDP
Janó Elemér,182,0.37,Miskolc,EGYÜTT 2014
Lovrity István,298,0.60,Miskolc,ZÖLDEK
Badány Lajos,15050,30.53,Miskolc,JOBBIK
Csetfalvi Attila,18,0.04,Miskolc,TBP
Simon László,117,0.24,Miskolc,ÖP
Király Zsolt Ferenc,12,0.02,Miskolc,REND PÁRT
Bencze Csaba,208,0.42,Miskolc,SEM
Orosz Imre Tibor,338,0.69,Miskolc,MUNKÁSPÁRT
Csöbör Katalin,16602,33.68,Miskolc,FIDESZ-KDNP
Bárcziné Galambos Enikő,68,0.14,Miskolc,FKGP
Gáspár Ferenc,15,0.03,Miskolc,ÚDP
Fintorné Barkó Anita,106,0.22,Miskolc,SZOCIÁLDEMOKRATÁK
Horváth Dániel,4,0.01,Miskolc,MRPP
Gulyás Gyula,285,0.58,Miskolc,MCP
Nagy-Korsa Judit Anna,14072,28.55,Miskolc,MSZP-EGYÜTT-DK-PM-MLP
Emődi Zoltán,1624,3.29,Miskolc,LMP
Kiss Gáborné,259,0.53,Miskolc,A HAZA NEM ELADÓ
Gáspár Ferenc,33,0.07,Miskolc,ÚMP
Mátrai Csaba,699,1.58,Székesfehérvár,SMS
Herczog Edit,8415,19.04,Székesfehérvár,MSZP-EGYÜTT-DK-PM-MLP
Szebek Mihály István,159,0.36,Székesfehérvár,KTI
Huszti Józsefné,174,0.39,Székesfehérvár,EGYÜTT 2014
Pap Kornélia,189,0.43,Székesfehérvár,JESZ
Abházi Ernő,73,0.17,Székesfehérvár,MCF
Fazakas Attila Levente,9668,21.88,Székesfehérvár,JOBBIK
Kovács Lili,499,1.13,Székesfehérvár,ZÖLDEK
Kalmár András,1944,4.40,Székesfehérvár,LMP
Kovács Tamás,25,0.06,Székesfehérvár,MCP
Törő Gábor,22177,50.18,Székesfehérvár,FIDESZ-KDNP
Vékony János,170,0.38,Székesfehérvár,SZOCIÁLDEMOKRATÁK
Fischer Attila,147,0.33,Békéscsaba,ÖP
Bánhegyi József,433,0.97,Békéscsaba,MUNKÁSPÁRT
Takács Péter,2678,5.99,Békéscsaba,LMP
Gazsó Mátyás,279,0.62,Békéscsaba,SEM
Bencsik Pál,121,0.27,Békéscsaba,JESZ
Kürti Magdolna,21,0.05,Békéscsaba,MACSEP
Szegedi Éva,51,0.11,Békéscsaba,ÚDP
Kovács Sabrina,86,0.19,Békéscsaba,SZOCIÁLDEMOKRATÁK
Varga Györgyné,275,0.62,Békéscsaba,SMS
Farkas Gábor,709,1.59,Békéscsaba,A HAZA NEM ELADÓ
Miklós Attila Zsolt,12161,27.22,Békéscsaba,MSZP-EGYÜTT-DK-PM-MLP
Nagy Zsolt,33,0.07,Békéscsaba,ÚMP
Dr. Dévényi-Dabrowsky Géza Dániel,9273,20.76,Békéscsaba,JOBBIK
Vantara Gyula,18364,41.10,Békéscsaba,FIDESZ-KDNP
Szaszák Péter,45,0.10,Békéscsaba,NEMZETI ÉRDEKÉRT
Varga György,2677,5.98,Bicske,LMP
Gáspár Kornél Dániel,8021,17.92,Bicske,JOBBIK
Dr. Molnos Levente Lóránt,345,0.77,Bicske,FKGP
Horváth András Tibor,9534,21.30,Bicske,MSZP-EGYÜTT-DK-PM-MLP
Tessely Zoltán Károly,22571,50.43,Bicske,FIDESZ-KDNP
Dr. Bednár András Tibor,106,0.24,Bicske,SZOCIÁLDEMOKRATÁK
Bódi Tibor,233,0.52,Bicske,SMS
Birtalan József,159,0.36,Bicske,KTI
Veres Péter,337,0.75,Bicske,MUNKÁSPÁRT
Papp László,232,0.52,Bicske,SEM
Huszti Lajos,204,0.46,Bicske,EGYÜTT 2014
Pilz István Gábor,15,0.03,Bicske,ÚMP
Paksi Imre,150,0.34,Bicske,MGP
Borsos Sándor Ákos,136,0.30,Bicske,JESZ
Bogdán János,39,0.09,Bicske,MCF
Dudás Zoltán Sándor,11610,24.27,Szentes,JOBBIK
Köröndi Máté,667,1.39,Szentes,Független
Kordás Adrienn,59,0.12,Szentes,MCP
Kasler Sándor,542,1.13,Szentes,A HAZA NEM ELADÓ
Rácz József,318,0.66,Szentes,ZÖLDEK
Gurdon Lajos,1794,3.75,Szentes,LMP
Farkas Sándor,21911,45.80,Szentes,FIDESZ-KDNP
Majdanics János,149,0.31,Szentes,FKGP
Dr. Komáromi Zoltán Pál,10201,21.32,Szentes,MSZP-EGYÜTT-DK-PM-MLP
Csenki Mihály,594,1.24,Szentes,SMS
Németh Erik,49,0.11,Székesfehérvár,ÚDP
Óber László,253,0.57,Székesfehérvár,KTI
Dr. Mező Balázs Béla,7450,16.81,Székesfehérvár,JOBBIK
Bialkó László Gergő,2725,6.15,Székesfehérvár,LMP
Dr. Márton Roland,13407,30.25,Székesfehérvár,MSZP-EGYÜTT-DK-PM-MLP
Dr. Németh Zsanett,37,0.08,Székesfehérvár,MNP
Juhász Gyuláné,231,0.52,Székesfehérvár,JESZ
Lakatos Gabriella,75,0.17,Székesfehérvár,MCP
Vargha Tamás János,19602,44.22,Székesfehérvár,FIDESZ-KDNP
Pasa Gabriella,211,0.48,Székesfehérvár,SZOCIÁLDEMOKRATÁK
Bálint Zoltán László,285,0.64,Székesfehérvár,A HAZA NEM ELADÓ
Némethné Bátyai Edina Beáta,16952,32.08,Szeged,MSZP-EGYÜTT-DK-PM-MLP
Asztalos Károlyné,435,0.82,Szeged,A HAZA NEM ELADÓ
Tóth Péter,8160,15.44,Szeged,JOBBIK
Tari János,252,0.48,Szeged,EP
Ördög István,130,0.25,Szeged,MDU
Tatár Gábor,3475,6.58,Szeged,LMP
Farkasné Kismárton Éva,269,0.51,Szeged,MGP
B Nagy László,23171,43.85,Szeged,FIDESZ-KDNP
Dr. Bohács Zsolt József,17346,33.98,Szeged,FIDESZ-KDNP
Czeróczki Zoltán,86,0.17,Szeged,MGP
Kozák Dávid,61,0.12,Szeged,MCP
Rácz Tibor,7463,14.62,Szeged,JOBBIK
Frank-Csipak Csaba István,15,0.03,Szeged,MCF
Király Renáta,358,0.70,Szeged,EGYÜTT 2014
Faragó Bence,43,0.08,Szeged,ÚDP
Tóth István József,205,0.40,Szeged,FKGP
Dr. Gyovai Ferenc,55,0.11,Szeged,NEMZETI ÉRDEKÉRT
Szabó Sándor,20131,39.43,Szeged,MSZP-EGYÜTT-DK-PM-MLP
Nagy István,34,0.07,Szeged,MDU
Mészáros Zoltán Miklósné,129,0.25,Szeged,SZOCIÁLDEMOKRATÁK
Török Tamás,409,0.80,Szeged,ZÖLDEK
Tóth Tibor,390,0.76,Szeged,A HAZA NEM ELADÓ
Németh István,141,0.28,Szeged,KTI
Tanács Eszter,3956,7.75,Szeged,LMP
Dudás Róbert,227,0.44,Szeged,4K!
Tokaji Attila,200,0.40,Tatabánya,JESZ
Bihari Ervin,22,0.04,Tatabánya,MCF
Tóth-Fekete Tamás Károly,123,0.25,Tatabánya,SZDP
Barczi Zsófia,59,0.12,Tatabánya,MSZDP
Gutai Zsolt,2473,4.95,Tatabánya,LMP
Pintér Réka,204,0.41,Tatabánya,SEM
Lévai István,21,0.04,Tatabánya,MCP
Majer Zsuzsanna Éva,155,0.31,Tatabánya,4K!
Bencsik János,21434,42.89,Tatabánya,FIDESZ-KDNP
Juhász Zoltán Ákos,141,0.28,Tatabánya,KTI
Mayer Péter,252,0.50,Tatabánya,ZÖLDEK
Pachl Tamás,563,1.13,Tatabánya,A HAZA NEM ELADÓ
Petrik Tímea,362,0.72,Tatabánya,MUNKÁSPÁRT
Vágó Sebestyén,7868,15.74,Tatabánya,JOBBIK
Béres István,102,0.20,Tatabánya,ÖP
Farkas Andrea,43,0.09,Tatabánya,KMSZ
Lukács Zoltán Géza,15954,31.92,Tatabánya,MSZP-EGYÜTT-DK-PM-MLP
Weiser Írisz Vica,1136,2.85,Hajdúböszörmény,LMP
Széles Elek,67,0.17,Hajdúböszörmény,SZDP
Zsatku Zita,6,0.02,Hajdúböszörmény,MRPP
Oroszi Istvánné,143,0.36,Hajdúböszörmény,ZÖLDEK
Töviskesné Dsupin Judit Ibolya,353,0.89,Hajdúböszörmény,A HAZA NEM ELADÓ
Komoróczy Tibor Attila,125,0.31,Hajdúböszörmény,FKGP
Kathiné Juhász Ildikó,7174,18.01,Hajdúböszörmény,MSZP-EGYÜTT-DK-PM-MLP
Kállai István Elek,102,0.26,Hajdúböszörmény,JESZ
Fábián Kornél,18,0.05,Hajdúböszörmény,ÚDP
Tóth Miklósné,22,0.06,Hajdúböszörmény,TEMPO
Kulcsár Gergely,10828,27.18,Hajdúböszörmény,JOBBIK
Dr. Tiba István Csaba,18982,47.65,Hajdúböszörmény,FIDESZ-KDNP
Papp István,76,0.19,Hajdúböszörmény,EGYÜTT 2014
Kovács Máté,127,0.32,Hajdúböszörmény,ÖP
Nagy Károly Tiborné,88,0.22,Hajdúböszörmény,SZOCIÁLDEMOKRATÁK
Andorkó László,35,0.09,Hajdúböszörmény,ÚMP
Papp Csilla,51,0.13,Hajdúböszörmény,MACSEP
Balogh Gusztáv,254,0.64,Hajdúböszörmény,MCP
Homolya Emese Krisztina,80,0.20,Hajdúböszörmény,SEM
Varga Mariann,169,0.42,Hajdúböszörmény,SMS
Dr. Majoros Imre,1028,2.72,Berettyóújfalu,LMP
Kovács Réka Zsuzsanna,228,0.60,Berettyóújfalu,SMS
Németi Attila Sándor,108,0.29,Berettyóújfalu,JESZ
Varju László,6985,18.51,Berettyóújfalu,MSZP-EGYÜTT-DK-PM-MLP
Dr. Vitányi István József,17799,47.18,Berettyóújfalu,FIDESZ-KDNP
Dr. Ulics Erika,10873,28.82,Berettyóújfalu,JOBBIK
Szilágyi Károly,81,0.21,Berettyóújfalu,MCP
Dr. Riczkó István,453,1.20,Berettyóújfalu,Független
Nagy Sándor,145,0.38,Berettyóújfalu,SZOCIÁLDEMOKRATÁK
Horváth Gyula,27,0.07,Berettyóújfalu,EU. ROM
Makula Krisztián,44,0.11,Hajdúszoboszló,Független
Nagy Ildikó,20,0.05,Hajdúszoboszló,ÚDP
Máté Lajos,749,1.89,Hajdúszoboszló,JESZ
Bodó Sándor,17657,44.46,Hajdúszoboszló,FIDESZ-KDNP
Rigán István,11070,27.88,Hajdúszoboszló,JOBBIK
Szepesi Gábor Attila,44,0.11,Hajdúszoboszló,ÖP
Balogh Kálmán,9,0.02,Hajdúszoboszló,MACSEP
Kreith Anita Márta,1126,2.84,Hajdúszoboszló,LMP
Kapornaki Szilveszter Márió,84,0.21,Hajdúszoboszló,KTI
Horváth Csaba,64,0.16,Hajdúszoboszló,Független
Magyarné Marincsák Ibolya,80,0.20,Hajdúszoboszló,Független
Kiss Klára,381,0.96,Hajdúszoboszló,SMS
Horváth Lajosné,5,0.01,Hajdúszoboszló,MRPP
Kolompár Ferenc,79,0.20,Hajdúszoboszló,MCP
Bangóné Borbély Ildikó,7317,18.42,Hajdúszoboszló,MSZP-EGYÜTT-DK-PM-MLP
Kovács Imre,122,0.31,Hajdúszoboszló,Független
Vigh Albert,37,0.09,Hajdúszoboszló,NEMZETI ÉRDEKÉRT
Kovácsné Csatári Éva,22,0.06,Hajdúszoboszló,EU. ROM
Szincsák Sándor,149,0.38,Hajdúszoboszló,TEMPO
Dr. Kerekes László,235,0.59,Hajdúszoboszló,SZOCIÁLDEMOKRATÁK
Papp Lajos,419,1.06,Hajdúszoboszló,A HAZA NEM ELADÓ
Horváth András,2418,5.41,Debrecen,LMP
Szendrei Attila,407,0.91,Debrecen,A HAZA NEM ELADÓ
Kósa Lajos,21013,47.06,Debrecen,FIDESZ-KDNP
Herpergel Róbert,7805,17.48,Debrecen,JOBBIK
Tankovszki András,133,0.30,Debrecen,JESZ
Kovács István József,63,0.14,Debrecen,MGP
Dr. Szegedi István,12012,26.90,Debrecen,MSZP-EGYÜTT-DK-PM-MLP
Endrész Boldizsár,90,0.20,Debrecen,SZDP
Bakk István,68,0.15,Debrecen,SZOCIÁLDEMOKRATÁK
Domboróczki Rita,496,1.11,Debrecen,ZÖLDEK
Szabó Sándor,150,0.34,Debrecen,ÖP
Székely János,343,0.82,Debrecen,A HAZA NEM ELADÓ
Pallás György,7288,17.41,Debrecen,MSZP-EGYÜTT-DK-PM-MLP
Kádi István Lajos,1300,3.11,Debrecen,LMP
Alföldi-Lakatos Gábor,256,0.61,Debrecen,MCP
Kajdiné Virág Katalin,210,0.50,Debrecen,SMS
Ágoston Tibor,10441,24.94,Debrecen,JOBBIK
Tóth Csaba István,65,0.16,Debrecen,MACSEP
Tasó László,21619,51.64,Debrecen,FIDESZ-KDNP
Géhl Attila,50,0.12,Debrecen,MKSZU
Leiterné Pálfalvi Petra,88,0.21,Debrecen,SZOCIÁLDEMOKRATÁK
Juhászné Drabik Erzsébet,19,0.05,Debrecen,MRPP
Nagy Judit Erzsébet,112,0.27,Debrecen,ÖP
Czeglédi Norbert Tamás,71,0.17,Debrecen,JESZ
Kőszeghy Csanád Ábel,9651,22.09,Debrecen,JOBBIK
Szűcs István,374,0.86,Debrecen,SMS
Görög Jenő,2363,5.41,Debrecen,LMP
Dr. Nagy Attila,236,0.54,Debrecen,KISGAZDAPÁRT-MIÉP
Dr. Rónai György,10501,24.03,Debrecen,MSZP-EGYÜTT-DK-PM-MLP
Lakatosné Marinka Andrea,165,0.38,Debrecen,JESZ
Tóth Sebestyén,377,0.86,Debrecen,SEM
Dávidné Németi Imola Erika,178,0.41,Debrecen,SZOCIÁLDEMOKRATÁK
Dr. Pósán László,19847,45.42,Debrecen,FIDESZ-KDNP
Szabó Hajnalka,56,0.13,Törökszentmiklós,MDU
Lakatos Gusztáv,83,0.19,Törökszentmiklós,MCP
Váradi László,74,0.17,Törökszentmiklós,SZOCIÁLDEMOKRATÁK
Török Ferenc,117,0.27,Törökszentmiklós,FKGP
Csányi Tamás,13436,30.62,Törökszentmiklós,JOBBIK
Boldog István,18524,42.21,Törökszentmiklós,FIDESZ-KDNP
Nagy Andrásné,94,0.21,Törökszentmiklós,JESZ
Pozsonyi Péter,490,1.12,Törökszentmiklós,MUNKÁSPÁRT
Sándor Gáborné,294,0.67,Törökszentmiklós,A HAZA NEM ELADÓ
Sallai Róbert Benedek,1128,2.57,Törökszentmiklós,LMP
Rózsa Endre,9386,21.39,Törökszentmiklós,MSZP-EGYÜTT-DK-PM-MLP
Juhász Ferenc,202,0.46,Törökszentmiklós,SMS
Dr. Liszák János,134,0.32,Jászberény,KTI
Nagy János,344,0.81,Jászberény,Független
Budai Lóránt,12783,30.06,Jászberény,JOBBIK
Turi Kristóf Tamás,269,0.63,Jászberény,MUNKÁSPÁRT
Ménkű Ottó,1027,2.42,Jászberény,LMP
Szűcs Károly,25,0.06,Jászberény,NEMZETI ÉRDEKÉRT
Korsós András,24,0.06,Jászberény,MGP
Kökény Kálmán,131,0.31,Jászberény,SZOCIÁLDEMOKRATÁK
Jámbor László,172,0.40,Jászberény,A HAZA NEM ELADÓ
Dankó István,210,0.49,Jászberény,JESZ
Dr. Szekeres Imre Jenő,8594,20.21,Jászberény,MSZP-EGYÜTT-DK-PM-MLP
Kövendi Erzsébet,183,0.43,Jászberény,SMS
Pócs János,18200,42.80,Jászberény,FIDESZ-KDNP
Pásztor László,56,0.13,Jászberény,ÖP
Járvás István,367,0.86,Jászberény,FKGP
Kapás József,226,0.50,Karcag,SMS
Tóthné Ábrahám Edit,263,0.59,Karcag,A HAZA NEM ELADÓ
Péntek Ildikó,948,2.12,Karcag,LMP
Málovits Martin Dániel,12,0.03,Karcag,ÚMP
Kalló Levente,85,0.19,Karcag,MCP
Dr. Lukács László György,11511,25.69,Karcag,JOBBIK
Pásztorné Kovács Krisztina,72,0.16,Karcag,ÖP
Ozsváth László,7719,17.22,Karcag,MSZP-EGYÜTT-DK-PM-MLP
Dr. Fazekas Sándor,23201,51.77,Karcag,FIDESZ-KDNP
Dull Krisztián Norbert,434,0.97,Karcag,MUNKÁSPÁRT
Engler Ildikó,20,0.04,Karcag,NEMZETI ÉRDEKÉRT
Földesné Keresztes Mariann Szilvia,83,0.19,Karcag,JESZ
Farkas László,161,0.36,Karcag,SZOCIÁLDEMOKRATÁK
Nagy Gyula,80,0.18,Karcag,FKGP
Baráth Zsolt György,13157,25.63,Szolnok,JOBBIK
Kézér Tamás,212,0.41,Szolnok,FKGP
Iváncsik Imre,14574,28.39,Szolnok,MSZP-EGYÜTT-DK-PM-MLP
Nagy József,51,0.10,Szolnok,AQP
Jakab János,126,0.25,Szolnok,MCP
Bencsik Mihály,604,1.18,Szolnok,MUNKÁSPÁRT
Hadvina Zsolt József,112,0.22,Szolnok,MGP
Dr. Pálfi Miklós,176,0.34,Szolnok,SZOCIÁLDEMOKRATÁK
Dr. Kenyeresné Kosik Ilona,148,0.29,Szolnok,JESZ
Dr. Bene Ildikó,19146,37.30,Szolnok,FIDESZ-KDNP
Dr. Pető Ernő Zoltán,2303,4.49,Szolnok,LMP
Horváth Zoltán,393,0.77,Szolnok,SMS
Hári Antal Dezső,296,0.58,Szolnok,A HAZA NEM ELADÓ
Reiner Tibor,37,0.07,Szolnok,NEMZETI ÉRDEKÉRT
